n,value1,time1,value2,time2,value3,time3,averageTime
100,2101,3,2101,1,2101,3,2.333333
101,2101,2,2101,4,2101,1,2.333333
102,2101,1,2101,1,2101,2,1.333333
103,2101,1,2101,1,2101,2,1.333333
104,2101,1,2101,2,2101,2,1.666667
105,2101,1,2101,1,2101,1,1.000000
106,2209,1,2209,1,2209,1,1.000000
107,2209,1,2209,1,2209,1,1.000000
108,2209,2,2209,1,2209,1,1.333333
109,2209,1,2209,1,2209,1,1.000000
110,2209,1,2209,1,2209,1,1.000000
111,2209,1,2209,1,2209,1,1.000000
112,2209,2,2209,1,2209,2,1.666667
113,2209,1,2209,1,2209,1,1.000000
114,2209,1,2209,1,2209,1,1.000000
115,2209,1,2209,1,2209,1,1.000000
116,2209,3,2209,1,2209,1,1.666667
117,2209,1,2209,1,2209,0,0.666667
118,2209,1,2209,1,2209,1,1.000000
119,2209,1,2209,2,2209,2,1.666667
120,2209,1,2209,1,2209,1,1.000000
121,2209,1,2209,2,2209,1,1.333333
122,2209,1,2209,2,2209,1,1.333333
123,2209,2,2209,1,2209,2,1.666667
124,2209,1,2209,3,2209,1,1.666667
125,2209,1,2209,1,2209,1,1.000000
126,2209,2,2209,2,2209,1,1.666667
127,2209,1,2209,1,2209,2,1.333333
128,2209,2,2209,1,2209,1,1.333333
129,2209,1,2209,2,2209,1,1.333333
130,2209,1,2209,1,2209,1,1.000000
131,2209,1,2209,2,2209,1,1.333333
132,2209,1,2209,1,2209,2,1.333333
133,2209,2,2209,1,2209,2,1.666667
134,2209,1,2209,1,2209,1,1.000000
135,2209,2,2209,1,2209,1,1.333333
136,2209,2,2209,1,2209,2,1.666667
137,2209,2,2209,1,2209,2,1.666667
138,2209,2,2209,1,2209,1,1.333333
139,2209,1,2209,2,2209,1,1.333333
140,2209,1,2209,2,2209,1,1.333333
141,2209,2,2209,1,2209,2,1.666667
142,2209,1,2209,2,2209,1,1.333333
143,2209,1,2209,2,2209,1,1.333333
144,2209,1,2209,2,2209,1,1.333333
145,2209,1,2209,1,2209,1,1.000000
146,2209,2,2209,1,2209,1,1.333333
147,2209,1,2209,2,2209,1,1.333333
148,2209,2,2209,1,2209,2,1.666667
149,2209,2,2209,1,2209,2,1.666667
150,2209,1,2209,1,2209,2,1.333333
151,2209,2,2209,1,2209,2,1.666667
152,2209,2,2209,2,2209,1,1.666667
153,2209,1,2209,2,2209,1,1.333333
154,2209,1,2209,2,2209,1,1.333333
155,2209,1,2209,1,2209,1,1.000000
156,2209,1,2209,2,2209,1,1.333333
157,2209,1,2209,1,2209,2,1.333333
158,2209,1,2209,2,2209,1,1.333333
159,2209,2,2209,1,2209,2,1.666667
160,2209,1,2209,1,2209,1,1.000000
161,2209,2,2209,1,2209,2,1.666667
162,2209,2,2209,3,2209,1,2.000000
163,2209,2,2209,1,2209,2,1.666667
164,2209,1,2209,2,2209,2,1.666667
165,2209,3,2209,2,2209,1,2.000000
166,2209,2,2209,1,2209,2,1.666667
167,2209,2,2209,3,2209,2,2.333333
168,2209,2,2209,2,2209,2,2.000000
169,2209,3,2209,3,2209,3,3.000000
170,2209,3,2209,3,2209,3,3.000000
171,2209,2,2209,2,2209,2,2.000000
172,2209,2,2209,2,2209,2,2.000000
173,2209,1,2209,2,2209,2,1.666667
174,2209,2,2209,2,2209,1,1.666667
175,2209,2,2209,2,2209,1,1.666667
176,2209,2,2209,2,2209,1,1.666667
177,2209,1,2209,1,2209,3,1.666667
178,2209,2,2209,2,2209,1,1.666667
179,2209,2,2209,2,2209,2,2.000000
180,2209,2,2209,2,2209,2,2.000000
181,2209,2,2209,2,2209,2,2.000000
182,2209,1,2209,2,2209,2,1.666667
183,2209,2,2209,2,2209,1,1.666667
184,2209,2,2209,1,2209,2,1.666667
185,2209,2,2209,2,2209,2,2.000000
186,2209,3,2209,2,2209,3,2.666667
187,2209,3,2209,2,2209,2,2.333333
188,2209,2,2209,3,2209,2,2.333333
189,2209,2,2209,2,2209,2,2.000000
190,2209,3,2209,2,2209,2,2.333333
191,2209,2,2209,2,2209,2,2.000000
192,2209,2,2209,2,2209,2,2.000000
193,2209,3,2209,2,2209,2,2.333333
194,2209,2,2209,2,2209,2,2.000000
195,2209,2,2209,2,2209,3,2.333333
196,2209,2,2209,3,2209,2,2.333333
197,2209,3,2209,2,2209,2,2.333333
198,2209,2,2209,2,2209,3,2.333333
199,2209,2,2209,2,2209,3,2.333333
200,2209,2,2209,1,2209,2,1.666667
201,2209,3,2209,2,2209,3,2.666667
202,2209,2,2209,2,2209,2,2.000000
203,2209,2,2209,2,2209,3,2.333333
204,2209,2,2209,3,2209,2,2.333333
205,2209,2,2209,3,2209,2,2.333333
206,2209,2,2209,2,2209,3,2.333333
207,2209,2,2209,3,2209,2,2.333333
208,2209,2,2209,2,2209,1,1.666667
209,2209,4,2209,2,2209,2,2.666667
210,2209,3,2209,2,2209,1,2.000000
211,2209,3,2209,2,2209,2,2.333333
212,2209,3,2209,2,2209,3,2.666667
213,2209,3,2209,2,2209,2,2.333333
214,2209,2,2209,3,2209,2,2.333333
215,2364,3,2364,2,2364,2,2.333333
216,2364,3,2364,2,2364,2,2.333333
217,2364,3,2364,2,2364,2,2.333333
218,2364,3,2364,2,2364,3,2.666667
219,2364,3,2364,2,2364,3,2.666667
220,2364,3,2364,2,2364,3,2.666667
221,2364,2,2364,2,2364,3,2.333333
222,2364,3,2364,2,2364,3,2.666667
223,2364,3,2364,3,2364,3,3.000000
224,2364,4,2364,4,2364,2,3.333333
225,2364,3,2364,3,2364,3,3.000000
226,2364,2,2364,2,2364,3,2.333333
227,2364,4,2364,4,2364,4,4.000000
228,2364,4,2364,4,2364,4,4.000000
229,2364,4,2364,4,2364,4,4.000000
230,2364,4,2364,2,2364,3,3.000000
231,2364,2,2364,3,2364,3,2.666667
232,2364,3,2364,3,2364,3,3.000000
233,2364,2,2364,4,2364,2,2.666667
234,2364,3,2364,3,2364,2,2.666667
235,2364,3,2364,2,2364,3,2.666667
236,2364,2,2364,3,2364,3,2.666667
237,2364,2,2364,3,2364,3,2.666667
238,2364,2,2364,3,2364,3,2.666667
239,2364,3,2364,2,2364,3,2.666667
240,2364,3,2364,3,2364,2,2.666667
241,2364,3,2364,3,2364,2,2.666667
242,2364,4,2364,3,2364,3,3.333333
243,2364,2,2364,3,2364,4,3.000000
244,2364,3,2364,3,2364,3,3.000000
245,2364,3,2364,2,2364,3,2.666667
246,2364,3,2364,2,2364,3,2.666667
247,2364,3,2364,2,2364,3,2.666667
248,2364,3,2364,3,2364,3,3.000000
249,2364,3,2364,3,2364,2,2.666667
250,2364,3,2364,3,2364,3,3.000000
251,2364,3,2364,3,2364,2,2.666667
252,2364,3,2364,3,2364,3,3.000000
253,2364,3,2364,3,2364,3,3.000000
254,2364,2,2364,3,2364,3,2.666667
255,2364,2,2364,4,2364,3,3.000000
256,2364,3,2364,3,2364,3,3.000000
257,2364,4,2364,4,2364,3,3.666667
258,2364,3,2364,3,2364,3,3.000000
259,2364,3,2364,3,2364,3,3.000000
260,2364,3,2364,3,2364,3,3.000000
261,2364,3,2364,3,2364,3,3.000000
262,2364,3,2364,4,2364,3,3.333333
263,2364,2,2364,3,2364,3,2.666667
264,2364,3,2364,3,2364,3,3.000000
265,2364,3,2364,3,2364,3,3.000000
266,2364,3,2364,3,2364,3,3.000000
267,2364,3,2364,3,2364,3,3.000000
268,2364,3,2364,3,2364,3,3.000000
269,2364,3,2364,4,2364,3,3.333333
270,2364,3,2364,3,2364,3,3.000000
271,2364,3,2364,3,2364,4,3.333333
272,2364,3,2364,3,2364,3,3.000000
273,2364,3,2364,3,2364,3,3.000000
274,2364,3,2364,3,2364,3,3.000000
275,2364,3,2364,3,2364,3,3.000000
276,2364,2,2364,4,2364,3,3.000000
277,2364,3,2364,4,2364,3,3.333333
278,2364,4,2364,4,2364,5,4.333333
279,2364,3,2364,3,2364,3,3.000000
280,2364,3,2364,3,2364,3,3.000000
281,2364,3,2364,3,2364,3,3.000000
282,2364,4,2364,3,2364,3,3.333333
283,2600,4,2600,3,2600,3,3.333333
284,2600,3,2600,4,2600,3,3.333333
285,2600,3,2600,3,2600,3,3.000000
286,2600,3,2600,3,2600,4,3.333333
287,2600,3,2600,2,2600,2,2.333333
288,2600,3,2600,3,2600,4,3.333333
289,2600,4,2600,3,2600,3,3.333333
290,2693,3,2693,3,2693,4,3.333333
291,2693,4,2693,3,2693,3,3.333333
292,2693,3,2693,3,2693,3,3.000000
293,2693,3,2693,3,2693,3,3.000000
294,2693,4,2693,3,2693,3,3.333333
295,2693,4,2693,3,2693,3,3.333333
296,2693,3,2693,3,2693,4,3.333333
297,2693,3,2693,3,2693,4,3.333333
298,2693,4,2693,3,2693,4,3.666667
299,2693,4,2693,3,2693,3,3.333333
300,2693,3,2693,4,2693,3,3.333333
301,2693,3,2693,3,2693,4,3.333333
302,2693,4,2693,3,2693,3,3.333333
303,2693,3,2693,4,2693,3,3.333333
304,2693,3,2693,4,2693,3,3.333333
305,2693,3,2693,3,2693,4,3.333333
306,2693,4,2693,5,2693,3,4.000000
307,2693,3,2693,4,2693,3,3.333333
308,2693,3,2693,4,2693,3,3.333333
309,2693,2,2693,2,2693,2,2.000000
310,2693,4,2693,3,2693,4,3.666667
311,2693,3,2693,3,2693,4,3.333333
312,2693,3,2693,2,2693,2,2.333333
313,2693,3,2693,4,2693,3,3.333333
314,2748,3,2748,4,2748,3,3.333333
315,2748,3,2748,3,2748,4,3.333333
316,2748,3,2748,4,2748,3,3.333333
317,2748,4,2748,3,2748,4,3.666667
318,2748,4,2748,3,2748,4,3.666667
319,2748,4,2748,3,2748,4,3.666667
320,2748,3,2748,4,2748,3,3.333333
321,2815,4,2815,3,2815,4,3.666667
322,2815,3,2815,4,2815,3,3.333333
323,2815,3,2815,4,2815,4,3.666667
324,2815,4,2815,3,2815,4,3.666667
325,2815,2,2815,3,2815,2,2.333333
326,2815,3,2815,4,2815,4,3.666667
327,2815,3,2815,4,2815,3,3.333333
328,2815,4,2815,2,2815,2,2.666667
329,2815,6,2815,5,2815,4,5.000000
330,2815,4,2815,3,2815,4,3.666667
331,2815,4,2815,3,2815,3,3.333333
332,2815,4,2815,4,2815,4,4.000000
333,2815,4,2815,3,2815,4,3.666667
334,2815,4,2815,4,2815,3,3.666667
335,2815,4,2815,4,2815,4,4.000000
336,2815,6,2815,3,2815,4,4.333333
337,2815,5,2815,4,2815,2,3.666667
338,2815,4,2815,4,2815,4,4.000000
339,2815,4,2815,4,2815,4,4.000000
340,2815,5,2815,6,2815,5,5.333333
341,2815,6,2815,4,2815,3,4.333333
342,2815,4,2815,4,2815,3,3.666667
343,2815,5,2815,4,2815,4,4.333333
344,2815,5,2815,4,2815,4,4.333333
345,2815,4,2815,5,2815,4,4.333333
346,2815,4,2815,4,2815,5,4.333333
347,2815,7,2815,7,2815,4,6.000000
348,2815,4,2815,4,2815,5,4.333333
349,2815,4,2815,4,2815,5,4.333333
350,2815,4,2815,4,2815,5,4.333333
351,2815,5,2815,4,2815,5,4.666667
352,2815,5,2815,5,2815,4,4.666667
353,2815,4,2815,4,2815,4,4.000000
354,2815,4,2815,5,2815,4,4.333333
355,2815,4,2815,4,2815,5,4.333333
356,2815,4,2815,4,2815,4,4.000000
357,2815,4,2815,5,2815,4,4.333333
358,2815,3,2815,2,2815,3,2.666667
359,2815,4,2815,4,2815,4,4.000000
360,2815,4,2815,4,2815,5,4.333333
361,2815,4,2815,4,2815,4,4.000000
362,2815,4,2815,5,2815,5,4.666667
363,2815,5,2815,4,2815,4,4.333333
364,2815,4,2815,4,2815,4,4.000000
365,2815,4,2815,4,2815,4,4.000000
366,2815,4,2815,4,2815,5,4.333333
367,2815,5,2815,4,2815,2,3.666667
368,2815,5,2815,4,2815,4,4.333333
369,2815,4,2815,5,2815,4,4.333333
370,2815,4,2815,4,2815,6,4.666667
371,2815,4,2815,3,2815,3,3.333333
372,2815,5,2815,4,2815,5,4.666667
373,2815,5,2815,4,2815,4,4.333333
374,2815,4,2815,5,2815,4,4.333333
375,2815,4,2815,4,2815,5,4.333333
376,2815,5,2815,4,2815,4,4.333333
377,2815,4,2815,5,2815,5,4.666667
378,2815,4,2815,5,2815,4,4.333333
379,2908,4,2908,5,2908,4,4.333333
380,2908,4,2908,4,2908,5,4.333333
381,2908,4,2908,4,2908,5,4.333333
382,2908,5,2908,5,2908,5,5.000000
383,2908,4,2908,2,2908,3,3.000000
384,2908,5,2908,4,2908,5,4.666667
385,2908,5,2908,4,2908,8,5.666667
386,2908,4,2908,4,2908,4,4.000000
387,2908,4,2908,5,2908,4,4.333333
388,2908,5,2908,4,2908,4,4.333333
389,2908,5,2908,4,2908,4,4.333333
390,2908,5,2908,4,2908,5,4.666667
391,2908,4,2908,5,2908,4,4.333333
392,2908,4,2908,5,2908,5,4.666667
393,2908,4,2908,4,2908,5,4.333333
394,2908,5,2908,4,2908,4,4.333333
395,2908,5,2908,4,2908,4,4.333333
396,2908,3,2908,3,2908,3,3.000000
397,2908,4,2908,3,2908,3,3.333333
398,2908,5,2908,4,2908,3,4.000000
399,2908,6,2908,4,2908,4,4.666667
400,2908,6,2908,4,2908,4,4.666667
401,2908,5,2908,3,2908,2,3.333333
402,2908,5,2908,5,2908,4,4.666667
403,2908,5,2908,4,2908,4,4.333333
404,2908,7,2908,7,2908,4,6.000000
405,2908,4,2908,5,2908,5,4.666667
406,2908,4,2908,5,2908,3,4.000000
407,2908,4,2908,5,2908,4,4.333333
408,2908,5,2908,5,2908,4,4.666667
409,2908,5,2908,4,2908,5,4.666667
410,2908,4,2908,5,2908,3,4.000000
411,2908,5,2908,5,2908,4,4.666667
412,2908,5,2908,4,2908,5,4.666667
413,2908,5,2908,5,2908,5,5.000000
414,2908,5,2908,4,2908,3,4.000000
415,2908,5,2908,4,2908,6,5.000000
416,2908,4,2908,5,2908,5,4.666667
417,2954,5,2954,5,2954,4,4.666667
418,2954,5,2954,4,2954,3,4.000000
419,2978,4,2978,5,2978,5,4.666667
420,2978,4,2978,6,2978,7,5.666667
421,2978,5,2978,5,2978,5,5.000000
422,2978,5,2978,5,2978,5,5.000000
423,2978,5,2978,4,2978,6,5.000000
424,2978,4,2978,5,2978,5,4.666667
425,2978,5,2978,5,2978,4,4.666667
426,2978,5,2978,5,2978,5,5.000000
427,2978,5,2978,5,2978,5,5.000000
428,2978,5,2978,4,2978,5,4.666667
429,2978,5,2978,4,2978,5,4.666667
430,2978,5,2978,5,2978,5,5.000000
431,2978,4,2978,5,2978,5,4.666667
432,2978,5,2978,5,2978,5,5.000000
433,2978,5,2978,4,2978,5,4.666667
434,2978,7,2978,8,2978,5,6.666667
435,2978,5,2978,5,2978,6,5.333333
436,3071,7,3071,6,3071,6,6.333333
437,3071,4,3071,5,3071,5,4.666667
438,3071,5,3071,6,3071,5,5.333333
439,3071,5,3071,6,3071,4,5.000000
440,3071,5,3071,5,3071,5,5.000000
441,3071,5,3071,5,3071,5,5.000000
442,3071,7,3071,7,3071,5,6.333333
443,3071,6,3071,6,3071,6,6.000000
444,3071,5,3071,5,3071,5,5.000000
445,3071,5,3071,5,3071,5,5.000000
446,3071,5,3071,6,3071,6,5.666667
447,3071,5,3071,5,3071,4,4.666667
448,3071,5,3071,5,3071,5,5.000000
449,3071,5,3071,5,3071,5,5.000000
450,3071,5,3071,6,3071,5,5.333333
451,3071,5,3071,6,3071,4,5.000000
452,3071,6,3071,6,3071,5,5.666667
453,3071,5,3071,5,3071,6,5.333333
454,3071,4,3071,5,3071,3,4.000000
455,3071,5,3071,5,3071,4,4.666667
456,3071,6,3071,5,3071,5,5.333333
457,3071,5,3071,6,3071,7,6.000000
458,3071,6,3071,6,3071,5,5.666667
459,3071,6,3071,7,3071,7,6.666667
460,3071,8,3071,5,3071,6,6.333333
461,3071,6,3071,5,3071,5,5.333333
462,3071,6,3071,4,3071,3,4.333333
463,3071,6,3071,6,3071,6,6.000000
464,3071,5,3071,6,3071,6,5.666667
465,3071,6,3071,5,3071,6,5.666667
466,3071,5,3071,5,3071,5,5.000000
467,3071,6,3071,5,3071,7,6.000000
468,3071,6,3071,6,3071,5,5.666667
469,3071,6,3071,6,3071,5,5.666667
470,3071,6,3071,6,3071,6,6.000000
471,3071,5,3071,6,3071,6,5.666667
472,3071,6,3071,6,3071,5,5.666667
473,3071,4,3071,4,3071,3,3.666667
474,3071,6,3071,6,3071,5,5.666667
475,3071,6,3071,8,3071,5,6.333333
476,3191,6,3191,5,3191,6,5.666667
477,3191,6,3191,5,3191,6,5.666667
478,3191,7,3191,6,3191,6,6.333333
479,3191,7,3191,5,3191,7,6.333333
480,3191,6,3191,7,3191,7,6.666667
481,3191,9,3191,9,3191,10,9.333333
482,3191,6,3191,8,3191,9,7.666667
483,3191,8,3191,7,3191,6,7.000000
484,3191,7,3191,7,3191,7,7.000000
485,3191,8,3191,7,3191,6,7.000000
486,3191,7,3191,6,3191,4,5.666667
487,3191,8,3191,10,3191,9,9.000000
488,3191,7,3191,7,3191,7,7.000000
489,3191,8,3191,7,3191,7,7.333333
490,3191,7,3191,7,3191,11,8.333333
491,3191,7,3191,9,3191,10,8.666667
492,3191,10,3191,9,3191,7,8.666667
493,3191,10,3191,7,3191,8,8.333333
494,3191,7,3191,6,3191,7,6.666667
495,3191,8,3191,7,3191,8,7.666667
496,3191,9,3191,9,3191,7,8.333333
497,3191,9,3191,9,3191,7,8.333333
498,3191,7,3191,4,3191,5,5.333333
499,3191,7,3191,5,3191,5,5.666667
500,3191,6,3191,5,3191,5,5.333333
501,3191,6,3191,5,3191,5,5.333333
502,3191,7,3191,4,3191,5,5.333333
503,3191,7,3191,10,3191,7,8.000000
504,3191,9,3191,4,3191,6,6.333333
505,3191,8,3191,4,3191,7,6.333333
506,3191,6,3191,5,3191,5,5.333333
507,3191,6,3191,5,3191,5,5.333333
508,3191,7,3191,5,3191,4,5.333333
509,3191,7,3191,5,3191,6,6.000000
510,3191,6,3191,8,3191,7,7.000000
511,3191,7,3191,4,3191,5,5.333333
512,3191,7,3191,7,3191,7,7.000000
513,3191,7,3191,4,3191,5,5.333333
514,3191,9,3191,6,3191,7,7.333333
515,3191,7,3191,8,3191,7,7.333333
516,3191,8,3191,5,3191,4,5.666667
517,3191,11,3191,10,3191,10,10.333333
518,3191,8,3191,7,3191,7,7.333333
519,3191,9,3191,7,3191,7,7.666667
520,3191,8,3191,8,3191,7,7.666667
521,3191,6,3191,5,3191,6,5.666667
522,3191,6,3191,5,3191,5,5.333333
523,3191,7,3191,5,3191,10,7.333333
524,3191,9,3191,11,3191,12,10.666667
525,3191,7,3191,5,3191,4,5.333333
526,3191,8,3191,8,3191,8,8.000000
527,3191,7,3191,5,3191,4,5.333333
528,3191,8,3191,8,3191,8,8.000000
529,3191,10,3191,7,3191,8,8.333333
530,3191,8,3191,7,3191,8,7.666667
531,3191,7,3191,5,3191,5,5.666667
532,3191,7,3191,7,3191,7,7.000000
533,3191,7,3191,4,3191,5,5.333333
534,3191,8,3191,7,3191,7,7.333333
535,3191,7,3191,5,3191,5,5.666667
536,3191,9,3191,8,3191,7,8.000000
537,3191,7,3191,5,3191,5,5.666667
538,3191,7,3191,7,3191,7,7.000000
539,3191,8,3191,8,3191,8,8.000000
540,3191,7,3191,8,3191,12,9.000000
541,3191,12,3191,8,3191,5,8.333333
542,3191,7,3191,8,3191,7,7.333333
543,3191,10,3191,8,3191,8,8.666667
544,3191,7,3191,8,3191,7,7.333333
545,3191,10,3191,5,3191,5,6.666667
546,3191,8,3191,7,3191,7,7.333333
547,3191,9,3191,12,3191,8,9.666667
548,3191,8,3191,9,3191,11,9.333333
549,3191,10,3191,7,3191,8,8.333333
550,3191,7,3191,9,3191,5,7.000000
551,3191,11,3191,11,3191,8,10.000000
552,3191,8,3191,9,3191,8,8.333333
553,3191,8,3191,9,3191,8,8.333333
554,3191,10,3191,9,3191,10,9.666667
555,3191,6,3191,8,3191,10,8.000000
556,3191,6,3191,6,3191,6,6.000000
557,3191,8,3191,8,3191,8,8.000000
558,3191,8,3191,8,3191,9,8.333333
559,3191,7,3191,8,3191,7,7.333333
560,3191,9,3191,11,3191,8,9.333333
561,3191,8,3191,8,3191,8,8.000000
562,3191,9,3191,8,3191,8,8.333333
563,3191,11,3191,9,3191,9,9.666667
564,3191,8,3191,8,3191,7,7.666667
565,3191,8,3191,8,3191,8,8.000000
566,3191,8,3191,8,3191,8,8.000000
567,3191,8,3191,8,3191,7,7.666667
568,3191,8,3191,7,3191,8,7.666667
569,3191,6,3191,5,3191,5,5.333333
570,3191,8,3191,8,3191,7,7.666667
571,3191,7,3191,8,3191,7,7.333333
572,3191,8,3191,9,3191,9,8.666667
573,3191,8,3191,8,3191,7,7.666667
574,3191,9,3191,8,3191,9,8.666667
575,3191,9,3191,8,3191,9,8.666667
576,3191,12,3191,6,3191,5,7.666667
577,3191,8,3191,10,3191,10,9.333333
578,3191,8,3191,8,3191,8,8.000000
579,3191,8,3191,9,3191,8,8.333333
580,3191,10,3191,8,3191,8,8.666667
581,3191,11,3191,12,3191,9,10.666667
582,3191,11,3191,8,3191,9,9.333333
583,3191,12,3191,8,3191,8,9.333333
584,3191,9,3191,8,3191,9,8.666667
585,3191,11,3191,12,3191,12,11.666667
586,3191,8,3191,8,3191,10,8.666667
587,3191,8,3191,8,3191,9,8.333333
588,3191,8,3191,8,3191,8,8.000000
589,3191,8,3191,8,3191,9,8.333333
590,3191,7,3191,9,3191,8,8.000000
591,3191,8,3191,6,3191,6,6.666667
592,3191,8,3191,8,3191,7,7.666667
593,3191,8,3191,8,3191,8,8.000000
594,3191,9,3191,7,3191,9,8.333333
595,3191,8,3191,8,3191,8,8.000000
596,3191,8,3191,8,3191,8,8.000000
597,3191,7,3191,8,3191,8,7.666667
598,3191,6,3191,5,3191,5,5.333333
599,3191,8,3191,8,3191,8,8.000000
600,3191,7,3191,9,3191,8,8.000000
601,3191,7,3191,5,3191,7,6.333333
602,3191,9,3191,8,3191,12,9.666667
603,3191,10,3191,7,3191,8,8.333333
604,3191,8,3191,9,3191,8,8.333333
605,3191,9,3191,8,3191,9,8.666667
606,3191,8,3191,8,3191,8,8.000000
607,3191,8,3191,8,3191,7,7.666667
608,3191,8,3191,7,3191,8,7.666667
609,3191,8,3191,8,3191,8,8.000000
610,3191,8,3191,7,3191,8,7.666667
611,3191,8,3191,7,3191,10,8.333333
612,3191,8,3191,8,3191,7,7.666667
613,3191,7,3191,5,3191,6,6.000000
614,3191,8,3191,8,3191,9,8.333333
615,3191,7,3191,8,3191,8,7.666667
616,3191,8,3191,8,3191,9,8.333333
617,3191,8,3191,8,3191,8,8.000000
618,3191,8,3191,8,3191,7,7.666667
619,3191,8,3191,15,3191,10,11.000000
620,3191,30,3191,14,3191,5,16.333333
621,3191,9,3191,11,3191,9,9.666667
622,3191,9,3191,11,3191,12,10.666667
623,3191,13,3191,10,3191,8,10.333333
624,3191,8,3191,9,3191,9,8.666667
625,3191,9,3191,9,3191,9,9.000000
626,3191,8,3191,9,3191,9,8.666667
627,3191,8,3191,9,3191,8,8.333333
628,3191,8,3191,9,3191,8,8.333333
629,3191,8,3191,8,3191,8,8.000000
630,3191,10,3191,8,3191,9,9.000000
631,3191,9,3191,8,3191,9,8.666667
632,3191,9,3191,8,3191,8,8.333333
633,3191,8,3191,7,3191,8,7.666667
634,3191,8,3191,8,3191,8,8.000000
635,3191,7,3191,8,3191,8,7.666667
636,3191,8,3191,8,3191,8,8.000000
637,3191,8,3191,8,3191,8,8.000000
638,3191,8,3191,8,3191,8,8.000000
639,3191,9,3191,12,3191,9,10.000000
640,3191,8,3191,8,3191,8,8.000000
641,3191,9,3191,7,3191,9,8.333333
642,3191,9,3191,8,3191,8,8.333333
643,3191,9,3191,8,3191,8,8.333333
644,3191,8,3191,7,3191,8,7.666667
645,3331,8,3331,7,3331,8,7.666667
646,3331,8,3331,7,3331,7,7.333333
647,3331,8,3331,7,3331,8,7.666667
648,3331,7,3331,8,3331,7,7.333333
649,3331,8,3331,8,3331,7,7.666667
650,3331,8,3331,7,3331,8,7.666667
651,3331,7,3331,8,3331,7,7.333333
652,3331,7,3331,8,3331,7,7.333333
653,3331,7,3331,8,3331,8,7.666667
654,3331,8,3331,7,3331,7,7.333333
655,3331,10,3331,7,3331,12,9.666667
656,3331,9,3331,8,3331,8,8.333333
657,3331,11,3331,9,3331,11,10.333333
658,3331,11,3331,12,3331,11,11.333333
659,3331,12,3331,8,3331,6,8.666667
660,3331,10,3331,9,3331,10,9.666667
661,3331,9,3331,8,3331,6,7.666667
662,3331,9,3331,6,3331,11,8.666667
663,3331,10,3331,9,3331,7,8.666667
664,3331,9,3331,6,3331,8,7.666667
665,3331,10,3331,9,3331,6,8.333333
666,3331,12,3331,10,3331,11,11.000000
667,3331,10,3331,10,3331,10,10.000000
668,3331,9,3331,8,3331,10,9.000000
669,3331,9,3331,9,3331,6,8.000000
670,3331,8,3331,5,3331,7,6.666667
671,3331,6,3331,7,3331,6,6.333333
672,3331,9,3331,9,3331,9,9.000000
673,3331,9,3331,8,3331,5,7.333333
674,3331,8,3331,5,3331,7,6.666667
675,3331,8,3331,8,3331,5,7.000000
676,3331,10,3331,8,3331,10,9.333333
677,3331,8,3331,9,3331,6,7.666667
678,3331,13,3331,10,3331,9,10.666667
679,3331,9,3331,10,3331,9,9.333333
680,3331,9,3331,5,3331,7,7.000000
681,3348,8,3348,9,3348,8,8.333333
682,3348,7,3348,6,3348,5,6.000000
683,3348,8,3348,9,3348,8,8.333333
684,3348,9,3348,8,3348,8,8.333333
685,3348,8,3348,8,3348,7,7.666667
686,3348,9,3348,8,3348,8,8.333333
687,3348,8,3348,8,3348,8,8.000000
688,3348,7,3348,6,3348,7,6.666667
689,3348,8,3348,9,3348,5,7.333333
690,3348,7,3348,5,3348,6,6.000000
691,3348,7,3348,7,3348,5,6.333333
692,3348,9,3348,7,3348,7,7.666667
693,3348,8,3348,8,3348,7,7.666667
694,3348,7,3348,5,3348,8,6.666667
695,3348,7,3348,8,3348,8,7.666667
696,3348,8,3348,5,3348,5,6.000000
697,3348,8,3348,7,3348,6,7.000000
698,3348,7,3348,4,3348,7,6.000000
699,3348,8,3348,7,3348,5,6.666667
700,3348,9,3348,9,3348,10,9.333333
701,3348,8,3348,12,3348,10,10.000000
702,3348,7,3348,6,3348,8,7.000000
703,3348,7,3348,7,3348,5,6.333333
704,3348,8,3348,5,3348,6,6.333333
705,3348,10,3348,7,3348,7,8.000000
706,3348,9,3348,7,3348,7,7.666667
707,3348,8,3348,7,3348,7,7.333333
708,3348,8,3348,8,3348,7,7.666667
709,3348,7,3348,7,3348,5,6.333333
710,3348,8,3348,5,3348,6,6.333333
711,3348,7,3348,8,3348,9,8.000000
712,3348,8,3348,7,3348,7,7.333333
713,3348,10,3348,9,3348,9,9.333333
714,3348,11,3348,9,3348,9,9.666667
715,3348,9,3348,8,3348,6,7.666667
716,3348,8,3348,6,3348,9,7.666667
717,3348,9,3348,8,3348,6,7.666667
718,3348,8,3348,6,3348,8,7.333333
719,3348,9,3348,10,3348,9,9.333333
720,3348,8,3348,5,3348,7,6.666667
721,3348,10,3348,14,3348,11,11.666667
722,3348,13,3348,9,3348,10,10.666667
723,3348,9,3348,10,3348,9,9.333333
724,3348,10,3348,8,3348,8,8.666667
725,3348,9,3348,7,3348,5,7.000000
726,3348,7,3348,6,3348,6,6.333333
727,3348,8,3348,9,3348,9,8.666667
728,3348,8,3348,5,3348,7,6.666667
729,3348,8,3348,7,3348,6,7.000000
730,3348,7,3348,6,3348,8,7.000000
731,3348,8,3348,11,3348,8,9.000000
732,3348,10,3348,8,3348,8,8.666667
733,3348,9,3348,7,3348,7,7.666667
734,3348,8,3348,6,3348,7,7.000000
735,3348,8,3348,8,3348,5,7.000000
736,3348,7,3348,5,3348,8,6.666667
737,3348,9,3348,7,3348,5,7.000000
738,3348,7,3348,6,3348,6,6.333333
739,3348,8,3348,8,3348,7,7.666667
740,3348,8,3348,5,3348,7,6.666667
741,3348,8,3348,8,3348,5,7.000000
742,3348,12,3348,8,3348,8,9.333333
743,3348,11,3348,8,3348,6,8.333333
744,3348,8,3348,6,3348,7,7.000000
745,3348,10,3348,8,3348,6,8.000000
746,3348,8,3348,6,3348,7,7.000000
747,3348,8,3348,11,3348,10,9.666667
748,3348,7,3348,6,3348,10,7.666667
749,3348,9,3348,9,3348,6,8.000000
750,3348,7,3348,6,3348,7,6.666667
751,3348,9,3348,8,3348,5,7.333333
752,3348,8,3348,6,3348,6,6.666667
753,3348,9,3348,8,3348,6,7.666667
754,3348,10,3348,9,3348,7,8.666667
755,3348,8,3348,8,3348,5,7.000000
756,3348,7,3348,6,3348,6,6.333333
757,3348,8,3348,7,3348,5,6.666667
758,3348,7,3348,5,3348,7,6.333333
759,3348,8,3348,7,3348,6,7.000000
760,3348,8,3348,9,3348,7,8.000000
761,3348,8,3348,7,3348,6,7.000000
762,3348,9,3348,5,3348,7,7.000000
763,3348,9,3348,7,3348,6,7.333333
764,3348,8,3348,5,3348,8,7.000000
765,3348,11,3348,8,3348,5,8.000000
766,3348,9,3348,5,3348,6,6.666667
767,3348,9,3348,7,3348,5,7.000000
768,3348,7,3348,5,3348,7,6.333333
769,3348,8,3348,9,3348,8,8.333333
770,3348,8,3348,10,3348,9,9.000000
771,3348,8,3348,10,3348,11,9.666667
772,3348,8,3348,6,3348,11,8.333333
773,3348,11,3348,8,3348,8,9.000000
774,3348,9,3348,7,3348,9,8.333333
775,3348,11,3348,8,3348,7,8.666667
776,3348,9,3348,10,3348,8,9.000000
777,3348,7,3348,8,3348,10,8.333333
778,3348,11,3348,9,3348,9,9.666667
779,3348,9,3348,9,3348,7,8.333333
780,3348,8,3348,6,3348,8,7.333333
781,3348,9,3348,8,3348,6,7.666667
782,3348,9,3348,5,3348,10,8.000000
783,3348,9,3348,9,3348,6,8.000000
784,3348,9,3348,11,3348,9,9.666667
785,3348,10,3348,7,3348,8,8.333333
786,3348,9,3348,10,3348,8,9.000000
787,3348,7,3348,6,3348,7,6.666667
788,3348,10,3348,10,3348,8,9.333333
789,3348,7,3348,8,3348,9,8.000000
790,3348,9,3348,11,3348,10,10.000000
791,3348,9,3348,11,3348,10,10.000000
792,3348,9,3348,10,3348,12,10.333333
793,3348,10,3348,9,3348,10,9.666667
794,3348,10,3348,9,3348,7,8.666667
795,3348,10,3348,8,3348,7,8.333333
796,3348,9,3348,9,3348,9,9.000000
797,3348,9,3348,9,3348,6,8.000000
798,3348,9,3348,10,3348,9,9.333333
799,3348,11,3348,10,3348,7,9.333333
800,3348,9,3348,10,3348,12,10.333333
801,3348,12,3348,10,3348,9,10.333333
802,3348,13,3348,12,3348,9,11.333333
803,3348,9,3348,8,3348,9,8.666667
804,3348,11,3348,10,3348,8,9.666667
805,3348,8,3348,7,3348,7,7.333333
806,3348,10,3348,11,3348,9,10.000000
807,3348,11,3348,11,3348,11,11.000000
808,3348,11,3348,11,3348,11,11.000000
809,3348,11,3348,17,3348,33,20.333333
810,3348,14,3348,14,3348,10,12.666667
811,3348,14,3348,12,3348,12,12.666667
812,3348,12,3348,12,3348,11,11.666667
813,3348,11,3348,12,3348,12,11.666667
814,3348,11,3348,11,3348,12,11.333333
815,3348,12,3348,9,3348,11,10.666667
816,3348,11,3348,11,3348,11,11.000000
817,3348,11,3348,9,3348,7,9.000000
818,3348,11,3348,11,3348,11,11.000000
819,3348,11,3348,19,3348,13,14.333333
820,3348,14,3348,12,3348,12,12.666667
821,3348,15,3348,17,3348,13,15.000000
822,3348,14,3348,12,3348,14,13.333333
823,3348,13,3348,10,3348,9,10.666667
824,3348,12,3348,8,3348,10,10.000000
825,3348,13,3348,14,3348,11,12.666667
826,3348,13,3348,13,3348,10,12.000000
827,3348,9,3348,9,3348,10,9.333333
828,3348,13,3348,11,3348,9,11.000000
829,3348,12,3348,11,3348,12,11.666667
830,3348,11,3348,10,3348,12,11.000000
831,3348,10,3348,10,3348,11,10.333333
832,3348,11,3348,11,3348,9,10.333333
833,3348,14,3348,12,3348,11,12.333333
834,3348,16,3348,10,3348,11,12.333333
835,3348,12,3348,11,3348,14,12.333333
836,3348,12,3348,11,3348,12,11.666667
837,3348,13,3348,12,3348,8,11.000000
838,3348,13,3348,11,3348,9,11.000000
839,3348,12,3348,12,3348,12,12.000000
840,3348,11,3348,16,3348,16,14.333333
841,3348,13,3348,13,3348,12,12.666667
842,3348,13,3348,12,3348,12,12.333333
843,3348,11,3348,12,3348,11,11.333333
844,3348,11,3348,10,3348,12,11.000000
845,3348,11,3348,11,3348,11,11.000000
846,3348,11,3348,11,3348,8,10.000000
847,3348,11,3348,12,3348,11,11.333333
848,3348,16,3348,9,3348,12,12.333333
849,3348,9,3348,8,3348,7,8.000000
850,3348,16,3348,15,3348,9,13.333333
851,3348,12,3348,12,3348,11,11.666667
852,3348,11,3348,11,3348,11,11.000000
853,3348,11,3348,11,3348,11,11.000000
854,3348,11,3348,10,3348,12,11.000000
855,3348,11,3348,11,3348,10,10.666667
856,3348,15,3348,10,3348,11,12.000000
857,3348,10,3348,10,3348,7,9.000000
858,3348,11,3348,10,3348,11,10.666667
859,3348,11,3348,11,3348,10,10.666667
860,3348,9,3348,7,3348,8,8.000000
861,3348,10,3348,11,3348,11,10.666667
862,3348,11,3348,10,3348,11,10.666667
863,3348,6,3348,8,3348,7,7.000000
864,3348,10,3348,11,3348,12,11.000000
865,3348,11,3348,11,3348,11,11.000000
866,3348,10,3348,11,3348,11,10.666667
867,3348,11,3348,8,3348,6,8.333333
868,3348,11,3348,10,3348,8,9.666667
869,3348,10,3348,11,3348,10,10.333333
870,3348,10,3348,10,3348,11,10.333333
871,3348,10,3348,10,3348,10,10.000000
872,3348,9,3348,9,3348,10,9.333333
873,3348,9,3348,16,3348,9,11.333333
874,3348,10,3348,10,3348,10,10.000000
875,3348,10,3348,10,3348,10,10.000000
876,3348,10,3348,10,3348,10,10.000000
877,3348,9,3348,10,3348,9,9.333333
878,3348,10,3348,9,3348,11,10.000000
879,3348,10,3348,10,3348,12,10.666667
880,3348,10,3348,10,3348,7,9.000000
881,3348,9,3348,11,3348,10,10.000000
882,3348,11,3348,10,3348,11,10.666667
883,3348,11,3348,11,3348,11,11.000000
884,3348,13,3348,13,3348,13,13.000000
885,3348,12,3348,9,3348,8,9.666667
886,3348,12,3348,13,3348,13,12.666667
887,3348,13,3348,12,3348,12,12.333333
888,3348,14,3348,15,3348,13,14.000000
889,3348,11,3348,12,3348,11,11.333333
890,3348,12,3348,11,3348,12,11.666667
891,3348,11,3348,7,3348,9,9.000000
892,3348,11,3348,11,3348,11,11.000000
893,3348,11,3348,11,3348,10,10.666667
894,3348,10,3348,10,3348,15,11.666667
895,3348,10,3348,12,3348,11,11.000000
896,3348,11,3348,11,3348,12,11.333333
897,3348,11,3348,12,3348,8,10.333333
898,3348,11,3348,10,3348,10,10.333333
899,3348,10,3348,9,3348,7,8.666667
900,3348,11,3348,10,3348,12,11.000000
901,3348,11,3348,12,3348,10,11.000000
902,3348,10,3348,11,3348,11,10.666667
903,3348,10,3348,12,3348,10,10.666667
904,3348,11,3348,11,3348,12,11.333333
905,3348,12,3348,12,3348,11,11.666667
906,3348,13,3348,13,3348,14,13.333333
907,3348,13,3348,14,3348,9,12.000000
908,3348,12,3348,13,3348,12,12.333333
909,3348,10,3348,13,3348,18,13.666667
910,3348,13,3348,13,3348,12,12.666667
911,3348,9,3348,8,3348,12,9.666667
912,3348,13,3348,11,3348,12,12.000000
913,3348,17,3348,10,3348,7,11.333333
914,3348,12,3348,11,3348,12,11.666667
915,3348,11,3348,11,3348,11,11.000000
916,3348,10,3348,12,3348,13,11.666667
917,3348,11,3348,9,3348,11,10.333333
918,3348,11,3348,16,3348,23,16.666667
919,3348,22,3348,8,3348,9,13.000000
920,3348,13,3348,12,3348,12,12.333333
921,3348,12,3348,13,3348,13,12.666667
922,3348,13,3348,12,3348,12,12.333333
923,3348,13,3348,13,3348,11,12.333333
924,3348,12,3348,13,3348,14,13.000000
925,3348,12,3348,12,3348,8,10.666667
926,3348,11,3348,11,3348,13,11.666667
927,3348,12,3348,12,3348,12,12.000000
928,3348,14,3348,16,3348,13,14.333333
929,3348,15,3348,14,3348,13,14.000000
930,3348,12,3348,13,3348,13,12.666667
931,3348,13,3348,13,3348,12,12.666667
932,3348,12,3348,10,3348,9,10.333333
933,3348,12,3348,11,3348,8,10.333333
934,3348,11,3348,13,3348,12,12.000000
935,3348,13,3348,12,3348,12,12.333333
936,3348,14,3348,12,3348,12,12.666667
937,3348,12,3348,12,3348,11,11.666667
938,3348,12,3348,11,3348,11,11.333333
939,3348,12,3348,12,3348,11,11.666667
940,3348,11,3348,12,3348,11,11.333333
941,3348,13,3348,10,3348,8,10.333333
942,3348,16,3348,11,3348,13,13.333333
943,3348,13,3348,18,3348,12,14.333333
944,3348,12,3348,13,3348,13,12.666667
945,3348,13,3348,12,3348,12,12.333333
946,3348,13,3348,17,3348,13,14.333333
947,3348,13,3348,13,3348,12,12.666667
948,3348,15,3348,12,3348,15,14.000000
949,3348,12,3348,13,3348,13,12.666667
950,3348,12,3348,13,3348,11,12.000000
951,3348,11,3348,13,3348,11,11.666667
952,3348,11,3348,12,3348,12,11.666667
953,3348,11,3348,12,3348,11,11.333333
954,3348,12,3348,7,3348,9,9.333333
955,3348,12,3348,12,3348,12,12.000000
956,3348,16,3348,7,3348,9,10.666667
957,3348,18,3348,12,3348,11,13.666667
958,3348,12,3348,11,3348,12,11.666667
959,3348,12,3348,12,3348,12,12.000000
960,3348,11,3348,12,3348,11,11.333333
961,3348,12,3348,10,3348,7,9.666667
962,3348,11,3348,11,3348,12,11.333333
963,3348,12,3348,12,3348,11,11.666667
964,3348,11,3348,12,3348,12,11.666667
965,3348,11,3348,12,3348,11,11.333333
966,3348,10,3348,11,3348,11,10.666667
967,3348,11,3348,10,3348,10,10.333333
968,3348,11,3348,10,3348,12,11.000000
969,3348,18,3348,12,3348,11,13.666667
970,3348,12,3348,12,3348,12,12.000000
971,3348,11,3348,15,3348,9,11.666667
972,3348,13,3348,12,3348,12,12.333333
973,3348,12,3348,13,3348,11,12.000000
974,3348,12,3348,12,3348,13,12.333333
975,3348,9,3348,14,3348,13,12.000000
976,3348,13,3348,12,3348,12,12.333333
977,3348,14,3348,13,3348,13,13.333333
978,3348,15,3348,13,3348,13,13.666667
979,3348,15,3348,25,3348,30,23.333333
980,3348,25,3348,25,3348,17,22.333333
981,3348,14,3348,12,3348,16,14.000000
982,3348,16,3348,17,3348,19,17.333333
983,3348,17,3348,15,3348,16,16.000000
984,3348,17,3348,16,3348,17,16.666667
985,3348,18,3348,18,3348,18,18.000000
986,3348,16,3348,20,3348,16,17.333333
987,3348,17,3348,15,3348,20,17.333333
988,3348,10,3348,13,3348,14,12.333333
989,3348,18,3348,13,3348,16,15.666667
990,3348,15,3348,14,3348,16,15.000000
991,3348,14,3348,14,3348,14,14.000000
992,3348,16,3348,14,3348,10,13.333333
993,3348,12,3348,13,3348,14,13.000000
994,3348,14,3348,12,3348,19,15.000000
995,3348,15,3348,14,3348,17,15.333333
996,3348,14,3348,13,3348,14,13.666667
997,3348,17,3348,18,3348,19,18.000000
998,3348,15,3348,15,3348,14,14.666667
999,3348,18,3348,15,3348,16,16.333333
1000,3348,21,3348,16,3348,18,18.333333
1001,3348,13,3348,15,3348,15,14.333333
1002,3348,15,3348,13,3348,18,15.333333
1003,3348,16,3348,14,3348,11,13.666667
1004,3348,13,3348,11,3348,10,11.333333
1005,3348,12,3348,10,3348,10,10.666667
1006,3348,11,3348,13,3348,12,12.000000
1007,3348,14,3348,9,3348,10,11.000000
1008,3348,12,3348,9,3348,10,10.333333
1009,3348,11,3348,10,3348,11,10.666667
1010,3348,17,3348,13,3348,11,13.666667
1011,3348,13,3348,9,3348,13,11.666667
1012,3348,12,3348,10,3348,10,10.666667
1013,3348,12,3348,10,3348,10,10.666667
1014,3348,12,3348,12,3348,12,12.000000
1015,3348,15,3348,11,3348,12,12.666667
1016,3348,11,3348,9,3348,10,10.000000
1017,3348,11,3348,9,3348,12,10.666667
1018,3348,16,3348,11,3348,10,12.333333
1019,3348,14,3348,14,3348,11,13.000000
1020,3348,10,3348,12,3348,13,11.666667
1021,3348,11,3348,15,3348,15,13.666667
1022,3348,12,3348,10,3348,19,13.666667
1023,3348,14,3348,14,3348,13,13.666667
1024,3348,17,3348,17,3348,14,16.000000
1025,3348,15,3348,11,3348,11,12.333333
1026,3348,15,3348,14,3348,14,14.333333
1027,3348,12,3348,10,3348,12,11.333333
1028,3348,15,3348,15,3348,13,14.333333
1029,3348,12,3348,11,3348,11,11.333333
1030,3348,15,3348,11,3348,11,12.333333
1031,3348,18,3348,13,3348,12,14.333333
1032,3348,11,3348,10,3348,11,10.666667
1033,3348,11,3348,10,3348,12,11.000000
1034,3348,12,3348,12,3348,10,11.333333
1035,3348,12,3348,11,3348,10,11.000000
1036,3348,12,3348,12,3348,14,12.666667
1037,3348,14,3348,13,3348,16,14.333333
1038,3348,12,3348,9,3348,10,10.333333
1039,3348,12,3348,9,3348,10,10.333333
1040,3348,13,3348,11,3348,16,13.333333
1041,3348,12,3348,9,3348,12,11.000000
1042,3348,11,3348,10,3348,9,10.000000
1043,3348,11,3348,9,3348,10,10.000000
1044,3348,12,3348,8,3348,13,11.000000
1045,3348,17,3348,17,3348,12,15.333333
1046,3348,14,3348,14,3348,10,12.666667
1047,3348,14,3348,14,3348,14,14.000000
1048,3348,10,3348,9,3348,9,9.333333
1049,3348,10,3348,10,3348,9,9.666667
1050,3348,10,3348,9,3348,9,9.333333
1051,3348,11,3348,9,3348,9,9.666667
1052,3348,14,3348,12,3348,10,12.000000
1053,3348,11,3348,9,3348,12,10.666667
1054,3348,11,3348,9,3348,10,10.000000
1055,3348,11,3348,10,3348,12,11.000000
1056,3348,13,3348,10,3348,14,12.333333
1057,3348,19,3348,18,3348,15,17.333333
1058,3348,12,3348,10,3348,10,10.666667
1059,3348,12,3348,14,3348,14,13.333333
1060,3348,12,3348,10,3348,10,10.666667
1061,3348,13,3348,9,3348,11,11.000000
1062,3348,12,3348,9,3348,13,11.333333
1063,3348,12,3348,9,3348,10,10.333333
1064,3348,14,3348,15,3348,11,13.333333
1065,3348,16,3348,16,3348,16,16.000000
1066,3348,21,3348,21,3348,14,18.666667
1067,3348,25,3348,21,3348,19,21.666667
1068,3348,19,3348,12,3348,17,16.000000
1069,3348,14,3348,15,3348,17,15.333333
1070,3348,16,3348,17,3348,16,16.333333
1071,3348,13,3348,10,3348,12,11.666667
1072,3348,14,3348,10,3348,10,11.333333
1073,3348,11,3348,9,3348,10,10.000000
1074,3348,15,3348,15,3348,13,14.333333
1075,3348,12,3348,15,3348,14,13.666667
1076,3348,14,3348,10,3348,9,11.000000
1077,3348,14,3348,10,3348,10,11.333333
1078,3348,13,3348,11,3348,12,12.000000
1079,3348,11,3348,12,3348,13,12.000000
1080,3348,12,3348,10,3348,14,12.000000
1081,3348,12,3348,10,3348,10,10.666667
1082,3348,16,3348,14,3348,14,14.666667
1083,3348,57,3348,20,3348,15,30.666667
1084,3348,15,3348,17,3348,19,17.000000
1085,3348,15,3348,14,3348,14,14.333333
1086,3348,14,3348,13,3348,15,14.000000
1087,3348,12,3348,14,3348,17,14.333333
1088,3348,14,3348,11,3348,9,11.333333
1089,3348,13,3348,13,3348,13,13.000000
1090,3348,11,3348,14,3348,14,13.000000
1091,3348,14,3348,15,3348,11,13.333333
1092,3348,13,3348,15,3348,17,15.000000
1093,3348,12,3348,13,3348,15,13.333333
1094,3348,13,3348,11,3348,11,11.666667
1095,3348,15,3348,11,3348,10,12.000000
1096,3348,13,3348,9,3348,10,10.666667
1097,3348,16,3348,15,3348,15,15.333333
1098,3348,15,3348,15,3348,12,14.000000
1099,3348,11,3348,11,3348,10,10.666667
1100,3348,11,3348,11,3348,10,10.666667
1101,3441,11,3441,15,3441,12,12.666667
1102,3441,12,3441,9,3441,14,11.666667
1103,3441,15,3441,12,3441,13,13.333333
1104,3441,15,3441,13,3441,11,13.000000
1105,3441,14,3441,17,3441,12,14.333333
1106,3441,13,3441,11,3441,11,11.666667
1107,3441,15,3441,10,3441,16,13.666667
1108,3441,17,3441,19,3441,16,17.333333
1109,3441,16,3441,12,3441,17,15.000000
1110,3441,17,3441,22,3441,14,17.666667
1111,3441,15,3441,16,3441,13,14.666667
1112,3441,13,3441,14,3441,15,14.000000
1113,3441,15,3441,16,3441,15,15.333333
1114,3441,15,3441,13,3441,12,13.333333
1115,3441,18,3441,18,3441,13,16.333333
1116,3441,17,3441,13,3441,11,13.666667
1117,3441,13,3441,13,3441,14,13.333333
1118,3441,14,3441,12,3441,14,13.333333
1119,3441,21,3441,18,3441,15,18.000000
1120,3441,15,3441,13,3441,10,12.666667
1121,3441,15,3441,12,3441,11,12.666667
1122,3441,12,3441,19,3441,13,14.666667
1123,3441,13,3441,13,3441,13,13.000000
1124,3441,12,3441,12,3441,13,12.333333
1125,3441,14,3441,13,3441,13,13.333333
1126,3441,12,3441,16,3441,12,13.333333
1127,3441,12,3441,10,3441,11,11.000000
1128,3441,13,3441,12,3441,13,12.666667
1129,3441,13,3441,11,3441,12,12.000000
1130,3441,13,3441,16,3441,13,14.000000
1131,3441,22,3441,19,3441,19,20.000000
1132,3441,13,3441,12,3441,16,13.666667
1133,3441,15,3441,16,3441,20,17.000000
1134,3441,14,3441,11,3441,11,12.000000
1135,3441,13,3441,11,3441,13,12.333333
1136,3441,15,3441,12,3441,11,12.666667
1137,3441,17,3441,20,3441,13,16.666667
1138,3441,14,3441,11,3441,10,11.666667
1139,3441,13,3441,10,3441,10,11.000000
1140,3441,14,3441,11,3441,11,12.000000
1141,3441,12,3441,13,3441,10,11.666667
1142,3441,13,3441,9,3441,13,11.666667
1143,3441,16,3441,13,3441,11,13.333333
1144,3441,20,3441,12,3441,11,14.333333
1145,3441,16,3441,17,3441,13,15.333333
1146,3441,13,3441,12,3441,11,12.000000
1147,3441,12,3441,10,3441,11,11.000000
1148,3441,12,3441,10,3441,10,10.666667
1149,3441,12,3441,11,3441,9,10.666667
1150,3441,12,3441,10,3441,9,10.333333
1151,3441,17,3441,15,3441,10,14.000000
1152,3441,12,3441,10,3441,10,10.666667
1153,3441,11,3441,11,3441,9,10.333333
1154,3441,12,3441,10,3441,9,10.333333
1155,3441,11,3441,10,3441,9,10.000000
1156,3441,11,3441,9,3441,10,10.000000
1157,3441,11,3441,13,3441,12,12.000000
1158,3441,11,3441,14,3441,16,13.666667
1159,3441,12,3441,12,3441,16,13.333333
1160,3441,12,3441,11,3441,13,12.000000
1161,3441,12,3441,18,3441,17,15.666667
1162,3441,12,3441,14,3441,19,15.000000
1163,3441,14,3441,12,3441,14,13.333333
1164,3441,20,3441,12,3441,19,17.000000
1165,3441,14,3441,12,3441,14,13.333333
1166,3441,14,3441,12,3441,15,13.666667
1167,3441,14,3441,14,3441,12,13.333333
1168,3441,13,3441,14,3441,15,14.000000
1169,3441,14,3441,12,3441,20,15.333333
1170,3441,17,3441,24,3441,21,20.666667
1171,3441,14,3441,15,3441,14,14.333333
1172,3441,13,3441,12,3441,12,12.333333
1173,3441,15,3441,15,3441,14,14.666667
1174,3441,15,3441,53,3441,32,33.333333
1175,3441,14,3441,12,3441,14,13.333333
1176,3441,14,3441,18,3441,18,16.666667
1177,3441,15,3441,12,3441,12,13.000000
1178,3441,13,3441,12,3441,12,12.333333
1179,3441,18,3441,16,3441,20,18.000000
1180,3441,15,3441,16,3441,14,15.000000
1181,3441,18,3441,14,3441,11,14.333333
1182,3441,21,3441,16,3441,12,16.333333
1183,3441,18,3441,21,3441,16,18.333333
1184,3441,16,3441,17,3441,14,15.666667
1185,3441,16,3441,15,3441,14,15.000000
1186,3441,16,3441,13,3441,10,13.000000
1187,3441,18,3441,13,3441,14,15.000000
1188,3441,18,3441,17,3441,17,17.333333
1189,3441,18,3441,18,3441,13,16.333333
1190,3441,18,3441,13,3441,11,14.000000
1191,3441,13,3441,11,3441,16,13.333333
1192,3441,18,3441,12,3441,12,14.000000
1193,3441,14,3441,17,3441,14,15.000000
1194,3441,11,3441,14,3441,16,13.666667
1195,3441,18,3441,13,3441,14,15.000000
1196,3441,14,3441,11,3441,14,13.000000
1197,3441,14,3441,11,3441,12,12.333333
1198,3441,13,3441,15,3441,14,14.000000
1199,3441,13,3441,14,3441,13,13.333333
1200,3441,22,3441,16,3441,15,17.666667
1201,3441,18,3441,13,3441,11,14.000000
1202,3441,15,3441,13,3441,17,15.000000
1203,3441,14,3441,11,3441,11,12.000000
1204,3456,13,3456,11,3456,10,11.333333
1205,3456,12,3456,15,3456,16,14.333333
1206,3456,18,3456,17,3456,16,17.000000
1207,3456,14,3456,13,3456,14,13.666667
1208,3456,14,3456,13,3456,19,15.333333
1209,3456,14,3456,20,3456,13,15.666667
1210,3456,17,3456,15,3456,14,15.333333
1211,3456,15,3456,20,3456,17,17.333333
1212,3456,19,3456,22,3456,14,18.333333
1213,3456,12,3456,12,3456,12,12.000000
1214,3456,23,3456,20,3456,13,18.666667
1215,3456,13,3456,13,3456,12,12.666667
1216,3456,13,3456,11,3456,16,13.333333
1217,3456,14,3456,12,3456,20,15.333333
1218,3456,14,3456,11,3456,11,12.000000
1219,3456,13,3456,16,3456,12,13.666667
1220,3456,13,3456,10,3456,11,11.333333
1221,3456,12,3456,12,3456,12,12.000000
1222,3456,12,3456,11,3456,11,11.333333
1223,3456,13,3456,10,3456,11,11.333333
1224,3456,18,3456,13,3456,11,14.000000
1225,3456,13,3456,11,3456,12,12.000000
1226,3461,13,3461,11,3461,12,12.000000
1227,3461,13,3461,12,3461,14,13.000000
1228,3461,12,3461,11,3461,11,11.333333
1229,3461,14,3461,12,3461,10,12.000000
1230,3461,12,3461,11,3461,17,13.333333
1231,3461,12,3461,12,3461,11,11.666667
1232,3461,12,3461,11,3461,13,12.000000
1233,3461,12,3461,11,3461,10,11.000000
1234,3461,13,3461,10,3461,10,11.000000
1235,3461,13,3461,10,3461,10,11.000000
1236,3461,13,3461,12,3461,12,12.333333
1237,3461,11,3461,12,3461,11,11.333333
1238,3461,19,3461,14,3461,11,14.666667
1239,3461,19,3461,13,3461,15,15.666667
1240,3461,14,3461,15,3461,13,14.000000
1241,3461,13,3461,16,3461,13,14.000000
1242,3461,12,3461,11,3461,11,11.333333
1243,3461,13,3461,13,3461,12,12.666667
1244,3461,12,3461,11,3461,17,13.333333
1245,3461,13,3461,11,3461,12,12.000000
1246,3461,12,3461,11,3461,11,11.333333
1247,3461,12,3461,11,3461,10,11.000000
1248,3461,12,3461,15,3461,11,12.666667
1249,3461,12,3461,11,3461,14,12.333333
1250,3461,11,3461,10,3461,11,10.666667
1251,3461,15,3461,10,3461,13,12.666667
1252,3461,13,3461,16,3461,12,13.666667
1253,3461,18,3461,17,3461,15,16.666667
1254,3461,15,3461,13,3461,12,13.333333
1255,3461,13,3461,11,3461,11,11.666667
1256,3461,12,3461,11,3461,11,11.333333
1257,3461,11,3461,10,3461,11,10.666667
1258,3461,15,3461,11,3461,16,14.000000
1259,3461,11,3461,10,3461,11,10.666667
1260,3461,12,3461,10,3461,10,10.666667
1261,3461,12,3461,11,3461,16,13.000000
1262,3461,13,3461,16,3461,13,14.000000
1263,3461,14,3461,14,3461,10,12.666667
1264,3461,17,3461,14,3461,19,16.666667
1265,3461,24,3461,23,3461,15,20.666667
1266,3461,20,3461,17,3461,18,18.333333
1267,3461,19,3461,16,3461,12,15.666667
1268,3461,15,3461,13,3461,13,13.666667
1269,3461,14,3461,14,3461,13,13.666667
1270,3461,14,3461,17,3461,65,32.000000
1271,3461,48,3461,19,3461,24,30.333333
1272,3461,18,3461,15,3461,12,15.000000
1273,3461,22,3461,15,3461,13,16.666667
1274,3461,15,3461,18,3461,20,17.666667
1275,3461,14,3461,13,3461,19,15.333333
1276,3461,14,3461,14,3461,13,13.666667
1277,3461,15,3461,18,3461,17,16.666667
1278,3461,19,3461,19,3461,16,18.000000
1279,3461,16,3461,19,3461,18,17.666667
1280,3461,13,3461,18,3461,18,16.333333
1281,3461,13,3461,16,3461,14,14.333333
1282,3461,24,3461,13,3461,22,19.666667
1283,3461,14,3461,11,3461,18,14.333333
1284,3461,13,3461,12,3461,12,12.333333
1285,3461,13,3461,13,3461,19,15.000000
1286,3461,12,3461,11,3461,12,11.666667
1287,3461,12,3461,12,3461,11,11.666667
1288,3461,12,3461,11,3461,11,11.333333
1289,3461,12,3461,11,3461,11,11.333333
1290,3461,12,3461,11,3461,10,11.000000
1291,3461,12,3461,11,3461,11,11.333333
1292,3461,17,3461,17,3461,18,17.333333
1293,3461,13,3461,11,3461,11,11.666667
1294,3461,13,3461,11,3461,11,11.666667
1295,3461,13,3461,13,3461,11,12.333333
1296,3461,12,3461,11,3461,11,11.333333
1297,3461,12,3461,11,3461,10,11.000000
1298,3461,13,3461,11,3461,11,11.666667
1299,3461,20,3461,11,3461,12,14.333333
1300,3461,14,3461,14,3461,13,13.666667
1301,3461,17,3461,15,3461,13,15.000000
1302,3461,17,3461,14,3461,11,14.000000
1303,3461,12,3461,17,3461,19,16.000000
1304,3461,15,3461,14,3461,20,16.333333
1305,3461,20,3461,15,3461,20,18.333333
1306,3461,16,3461,16,3461,16,16.000000
1307,3461,17,3461,16,3461,14,15.666667
1308,3461,14,3461,12,3461,17,14.333333
1309,3461,14,3461,15,3461,18,15.666667
1310,3461,15,3461,19,3461,15,16.333333
1311,3461,22,3461,19,3461,20,20.333333
1312,3461,18,3461,18,3461,18,18.000000
1313,3461,21,3461,22,3461,22,21.666667
1314,3461,15,3461,16,3461,15,15.333333
1315,3461,15,3461,12,3461,14,13.666667
1316,3461,15,3461,13,3461,18,15.333333
1317,3461,14,3461,12,3461,14,13.333333
1318,3461,16,3461,22,3461,20,19.333333
1319,3461,13,3461,16,3461,17,15.333333
1320,3461,19,3461,22,3461,20,20.333333
1321,3461,17,3461,22,3461,21,20.000000
1322,3461,16,3461,17,3461,21,18.000000
1323,3461,21,3461,21,3461,19,20.333333
1324,3461,17,3461,14,3461,13,14.666667
1325,3461,14,3461,12,3461,14,13.333333
1326,3461,16,3461,15,3461,17,16.000000
1327,3461,13,3461,13,3461,14,13.333333
1328,3461,14,3461,14,3461,16,14.666667
1329,3461,14,3461,12,3461,14,13.333333
1330,3461,14,3461,12,3461,14,13.333333
1331,3461,13,3461,13,3461,16,14.000000
1332,3461,23,3461,17,3461,13,17.666667
1333,3461,15,3461,20,3461,14,16.333333
1334,3461,26,3461,25,3461,18,23.000000
1335,3461,13,3461,13,3461,14,13.333333
1336,3461,15,3461,14,3461,15,14.666667
1337,3461,16,3461,16,3461,14,15.333333
1338,3461,13,3461,15,3461,22,16.666667
1339,3461,18,3461,19,3461,18,18.333333
1340,3461,18,3461,19,3461,14,17.000000
1341,3461,14,3461,12,3461,14,13.333333
1342,3461,15,3461,13,3461,23,17.000000
1343,3461,16,3461,18,3461,21,18.333333
1344,3461,22,3461,22,3461,23,22.333333
1345,3461,18,3461,20,3461,14,17.333333
1346,3461,21,3461,14,3461,13,16.000000
1347,3461,14,3461,14,3461,20,16.000000
1348,3461,34,3461,27,3461,17,26.000000
1349,3461,23,3461,17,3461,13,17.666667
1350,3461,17,3461,16,3461,17,16.666667
1351,3461,18,3461,18,3461,18,18.000000
1352,3461,16,3461,17,3461,21,18.000000
1353,3461,17,3461,20,3461,18,18.333333
1354,3461,23,3461,26,3461,20,23.000000
1355,3461,21,3461,22,3461,17,20.000000
1356,3461,14,3461,14,3461,22,16.666667
1357,3461,16,3461,13,3461,21,16.666667
1358,3461,14,3461,12,3461,20,15.333333
1359,3461,14,3461,12,3461,18,14.666667
1360,3461,14,3461,15,3461,17,15.333333
1361,3461,13,3461,15,3461,15,14.333333
1362,3461,17,3461,20,3461,16,17.666667
1363,3461,18,3461,14,3461,13,15.000000
1364,3461,15,3461,13,3461,13,13.666667
1365,3461,13,3461,16,3461,20,16.333333
1366,3461,15,3461,12,3461,14,13.666667
1367,3461,13,3461,13,3461,13,13.000000
1368,3461,19,3461,14,3461,12,15.000000
1369,3461,15,3461,23,3461,13,17.000000
1370,3461,13,3461,12,3461,13,12.666667
1371,3461,15,3461,13,3461,12,13.333333
1372,3461,15,3461,17,3461,14,15.333333
1373,3461,13,3461,12,3461,13,12.666667
1374,3461,14,3461,12,3461,12,12.666667
1375,3461,15,3461,17,3461,14,15.333333
1376,3461,14,3461,13,3461,14,13.666667
1377,3461,12,3461,13,3461,19,14.666667
1378,3461,21,3461,20,3461,15,18.666667
1379,3461,18,3461,13,3461,12,14.333333
1380,3461,13,3461,12,3461,12,12.333333
1381,3461,13,3461,13,3461,21,15.666667
1382,3461,18,3461,14,3461,11,14.333333
1383,3461,13,3461,14,3461,13,13.333333
1384,3461,13,3461,11,3461,11,11.666667
1385,3539,13,3539,12,3539,13,12.666667
1386,3539,13,3539,12,3539,12,12.333333
1387,3539,13,3539,12,3539,13,12.666667
1388,3539,12,3539,16,3539,22,16.666667
1389,3539,13,3539,13,3539,14,13.333333
1390,3539,13,3539,12,3539,12,12.333333
1391,3539,12,3539,12,3539,13,12.333333
1392,3539,13,3539,18,3539,12,14.333333
1393,3539,16,3539,13,3539,12,13.666667
1394,3539,19,3539,18,3539,14,17.000000
1395,3539,14,3539,12,3539,12,12.666667
1396,3539,15,3539,17,3539,19,17.000000
1397,3539,15,3539,14,3539,18,15.666667
1398,3539,19,3539,26,3539,19,21.333333
1399,3539,21,3539,15,3539,16,17.333333
1400,3539,21,3539,22,3539,15,19.333333
1401,3539,20,3539,26,3539,19,21.666667
1402,3539,18,3539,25,3539,17,20.000000
1403,3539,16,3539,15,3539,22,17.666667
1404,3539,15,3539,18,3539,16,16.333333
1405,3539,18,3539,21,3539,24,21.000000
1406,3539,16,3539,13,3539,14,14.333333
1407,3539,21,3539,17,3539,15,17.666667
1408,3539,21,3539,15,3539,14,16.666667
1409,3539,21,3539,20,3539,20,20.333333
1410,3539,15,3539,18,3539,15,16.000000
1411,3539,26,3539,19,3539,16,20.333333
1412,3539,14,3539,13,3539,13,13.333333
1413,3539,15,3539,14,3539,18,15.666667
1414,3539,53,3539,26,3539,33,37.333333
1415,3539,22,3539,17,3539,16,18.333333
1416,3539,21,3539,14,3539,15,16.666667
1417,3539,15,3539,15,3539,14,14.666667
1418,3539,20,3539,20,3539,15,18.333333
1419,3539,14,3539,19,3539,21,18.000000
1420,3539,17,3539,15,3539,18,16.666667
1421,3539,23,3539,19,3539,22,21.333333
1422,3539,18,3539,14,3539,14,15.333333
1423,3539,15,3539,20,3539,19,18.000000
1424,3539,20,3539,25,3539,28,24.333333
1425,3539,27,3539,32,3539,29,29.333333
1426,3539,31,3539,14,3539,14,19.666667
1427,3539,16,3539,20,3539,14,16.666667
1428,3539,15,3539,13,3539,16,14.666667
1429,3539,14,3539,14,3539,14,14.000000
1430,3539,15,3539,14,3539,14,14.333333
1431,3539,13,3539,21,3539,16,16.666667
1432,3539,18,3539,13,3539,13,14.666667
1433,3539,19,3539,18,3539,22,19.666667
1434,3539,20,3539,18,3539,16,18.000000
1435,3539,16,3539,17,3539,17,16.666667
1436,3539,24,3539,15,3539,13,17.333333
1437,3539,14,3539,13,3539,13,13.333333
1438,3539,14,3539,14,3539,20,16.000000
1439,3539,14,3539,14,3539,17,15.000000
1440,3539,14,3539,17,3539,22,17.666667
1441,3539,24,3539,21,3539,27,24.000000
1442,3539,18,3539,22,3539,25,21.666667
1443,3539,18,3539,19,3539,15,17.333333
1444,3539,21,3539,15,3539,23,19.666667
1445,3539,21,3539,15,3539,15,17.000000
1446,3539,15,3539,16,3539,16,15.666667
1447,3539,18,3539,15,3539,14,15.666667
1448,3539,15,3539,15,3539,14,14.666667
1449,3539,14,3539,13,3539,14,13.666667
1450,3539,14,3539,12,3539,13,13.000000
1451,3539,13,3539,12,3539,13,12.666667
1452,3539,14,3539,17,3539,13,14.666667
1453,3539,20,3539,18,3539,14,17.333333
1454,3539,13,3539,19,3539,15,15.666667
1455,3539,21,3539,14,3539,13,16.000000
1456,3539,14,3539,13,3539,14,13.666667
1457,3539,14,3539,12,3539,12,12.666667
1458,3539,19,3539,17,3539,24,20.000000
1459,3539,15,3539,15,3539,12,14.000000
1460,3539,14,3539,12,3539,12,12.666667
1461,3539,13,3539,14,3539,19,15.333333
1462,3539,16,3539,12,3539,13,13.666667
1463,3539,19,3539,13,3539,12,14.666667
1464,3539,14,3539,13,3539,12,13.000000
1465,3539,13,3539,12,3539,11,12.000000
1466,3539,13,3539,16,3539,16,15.000000
1467,3539,21,3539,17,3539,14,17.333333
1468,3539,16,3539,12,3539,13,13.666667
1469,3539,16,3539,17,3539,14,15.666667
1470,3539,13,3539,15,3539,16,14.666667
1471,3539,22,3539,14,3539,13,16.333333
1472,3539,14,3539,12,3539,15,13.666667
1473,3539,13,3539,14,3539,13,13.333333
1474,3539,18,3539,14,3539,13,15.000000
1475,3539,12,3539,12,3539,13,12.333333
1476,3539,21,3539,15,3539,17,17.666667
1477,3539,12,3539,12,3539,13,12.333333
1478,3539,20,3539,18,3539,28,22.000000
1479,3539,17,3539,15,3539,13,15.000000
1480,3539,17,3539,17,3539,24,19.333333
1481,3539,29,3539,36,3539,35,33.333333
1482,3539,17,3539,14,3539,15,15.333333
1483,3539,29,3539,22,3539,15,22.000000
1484,3539,16,3539,14,3539,15,15.000000
1485,3539,14,3539,21,3539,22,19.000000
1486,3539,29,3539,24,3539,17,23.333333
1487,3539,18,3539,19,3539,20,19.000000
1488,3539,16,3539,19,3539,23,19.333333
1489,3539,15,3539,13,3539,13,13.666667
1490,3539,15,3539,15,3539,17,15.666667
1491,3539,19,3539,20,3539,15,18.000000
1492,3539,14,3539,13,3539,18,15.000000
1493,3539,14,3539,13,3539,13,13.333333
1494,3539,14,3539,18,3539,13,15.000000
1495,3539,15,3539,15,3539,14,14.666667
1496,3539,19,3539,21,3539,16,18.666667
1497,3539,13,3539,20,3539,13,15.333333
1498,3539,17,3539,20,3539,22,19.666667
1499,3539,17,3539,16,3539,15,16.000000
1500,3539,14,3539,18,3539,17,16.333333
1501,3539,21,3539,26,3539,15,20.666667
1502,3539,16,3539,14,3539,19,16.333333
1503,3539,14,3539,13,3539,16,14.333333
1504,3539,19,3539,22,3539,14,18.333333
1505,3539,14,3539,22,3539,14,16.666667
1506,3539,13,3539,13,3539,13,13.000000
1507,3539,17,3539,17,3539,14,16.000000
1508,3539,14,3539,13,3539,12,13.000000
1509,3539,13,3539,13,3539,12,12.666667
1510,3539,14,3539,21,3539,13,16.000000
1511,3539,12,3539,12,3539,12,12.000000
1512,3539,13,3539,12,3539,12,12.333333
1513,3539,15,3539,19,3539,20,18.000000
1514,3539,14,3539,12,3539,18,14.666667
1515,3539,21,3539,22,3539,23,22.000000
1516,3539,23,3539,22,3539,15,20.000000
1517,3539,18,3539,14,3539,20,17.333333
1518,3539,14,3539,13,3539,13,13.333333
1519,3539,18,3539,14,3539,13,15.000000
1520,3539,22,3539,19,3539,14,18.333333
1521,3539,18,3539,20,3539,14,17.333333
1522,3539,14,3539,12,3539,12,12.666667
1523,3539,13,3539,13,3539,12,12.666667
1524,3539,14,3539,18,3539,15,15.666667
1525,3539,16,3539,19,3539,16,17.000000
1526,3539,19,3539,14,3539,17,16.666667
1527,3539,16,3539,16,3539,15,15.666667
1528,3539,16,3539,16,3539,19,17.000000
1529,3539,17,3539,35,3539,28,26.666667
1530,3539,37,3539,19,3539,27,27.666667
1531,3539,28,3539,29,3539,24,27.000000
1532,3539,24,3539,15,3539,15,18.000000
1533,3539,15,3539,20,3539,15,16.666667
1534,3539,15,3539,14,3539,18,15.666667
1535,3539,17,3539,15,3539,15,15.666667
1536,3539,17,3539,16,3539,14,15.666667
1537,3539,16,3539,14,3539,13,14.333333
1538,3539,21,3539,17,3539,20,19.333333
1539,3539,22,3539,15,3539,19,18.666667
1540,3539,14,3539,16,3539,22,17.333333
1541,3539,18,3539,15,3539,17,16.666667
1542,3539,15,3539,14,3539,14,14.333333
1543,3539,15,3539,13,3539,13,13.666667
1544,3539,22,3539,13,3539,17,17.333333
1545,3539,14,3539,17,3539,14,15.000000
1546,3539,19,3539,14,3539,13,15.333333
1547,3539,14,3539,12,3539,13,13.000000
1548,3539,13,3539,12,3539,12,12.333333
1549,3539,13,3539,12,3539,12,12.333333
1550,3539,13,3539,13,3539,14,13.333333
1551,3539,16,3539,18,3539,19,17.666667
1552,3539,14,3539,13,3539,15,14.000000
1553,3539,14,3539,14,3539,20,16.000000
1554,3539,14,3539,15,3539,12,13.666667
1555,3539,16,3539,22,3539,25,21.000000
1556,3539,16,3539,13,3539,13,14.000000
1557,3539,25,3539,17,3539,14,18.666667
1558,3539,14,3539,15,3539,20,16.333333
1559,3539,14,3539,13,3539,13,13.333333
1560,3539,14,3539,12,3539,16,14.000000
1561,3539,19,3539,21,3539,15,18.333333
1562,3539,24,3539,14,3539,13,17.000000
1563,3539,14,3539,13,3539,21,16.000000
1564,3539,24,3539,21,3539,15,20.000000
1565,3539,20,3539,14,3539,13,15.666667
1566,3539,15,3539,16,3539,20,17.000000
1567,3539,14,3539,13,3539,14,13.666667
1568,3539,15,3539,13,3539,13,13.666667
1569,3539,16,3539,18,3539,20,18.000000
1570,3539,24,3539,18,3539,20,20.666667
1571,3539,22,3539,16,3539,15,17.666667
1572,3539,27,3539,23,3539,17,22.333333
1573,3539,21,3539,31,3539,29,27.000000
1574,3539,27,3539,19,3539,24,23.333333
1575,3539,25,3539,32,3539,23,26.666667
1576,3539,25,3539,17,3539,14,18.666667
1577,3539,21,3539,27,3539,19,22.333333
1578,3539,21,3539,15,3539,14,16.666667
1579,3539,21,3539,16,3539,25,20.666667
1580,3539,23,3539,16,3539,14,17.666667
1581,3539,21,3539,15,3539,19,18.333333
1582,3539,19,3539,16,3539,15,16.666667
1583,3539,20,3539,20,3539,15,18.333333
1584,3539,19,3539,14,3539,19,17.333333
1585,3539,19,3539,21,3539,28,22.666667
1586,3539,20,3539,14,3539,14,16.000000
1587,3539,16,3539,16,3539,28,20.000000
1588,3539,25,3539,15,3539,15,18.333333
1589,3539,25,3539,17,3539,21,21.000000
1590,3539,13,3539,14,3539,14,13.666667
1591,3539,19,3539,15,3539,15,16.333333
1592,3539,29,3539,18,3539,15,20.666667
1593,3539,21,3539,16,3539,15,17.333333
1594,3539,21,3539,22,3539,78,40.333333
1595,3539,28,3539,16,3539,22,22.000000
1596,3539,25,3539,19,3539,20,21.333333
1597,3539,21,3539,23,3539,22,22.000000
1598,3577,21,3577,22,3577,21,21.333333
1599,3577,20,3577,27,3577,16,21.000000
1600,3577,20,3577,21,3577,15,18.666667
1601,3577,20,3577,14,3577,14,16.000000
1602,3577,19,3577,15,3577,13,15.666667
1603,3577,19,3577,14,3577,14,15.666667
1604,3577,22,3577,15,3577,15,17.333333
1605,3577,23,3577,15,3577,14,17.333333
1606,3577,20,3577,16,3577,14,16.666667
1607,3577,20,3577,15,3577,14,16.333333
1608,3577,23,3577,16,3577,15,18.000000
1609,3577,20,3577,15,3577,17,17.333333
1610,3577,20,3577,16,3577,14,16.666667
1611,3577,24,3577,22,3577,18,21.333333
1612,3577,25,3577,22,3577,16,21.000000
1613,3577,22,3577,20,3577,22,21.333333
1614,3577,24,3577,18,3577,20,20.666667
1615,3577,22,3577,23,3577,24,23.000000
1616,3577,25,3577,21,3577,16,20.666667
1617,3577,22,3577,25,3577,16,21.000000
1618,3577,18,3577,15,3577,14,15.666667
1619,3577,21,3577,15,3577,21,19.000000
1620,3577,23,3577,18,3577,18,19.666667
1621,3577,21,3577,20,3577,23,21.333333
1622,3577,21,3577,16,3577,21,19.333333
1623,3577,21,3577,15,3577,17,17.666667
1624,3577,20,3577,17,3577,15,17.333333
1625,3577,20,3577,14,3577,14,16.000000
1626,3577,15,3577,15,3577,14,14.666667
1627,3577,19,3577,14,3577,14,15.666667
1628,3577,20,3577,20,3577,15,18.333333
1629,3577,20,3577,14,3577,14,16.000000
1630,3577,19,3577,18,3577,15,17.333333
1631,3577,20,3577,15,3577,13,16.000000
1632,3577,20,3577,16,3577,19,18.333333
1633,3577,23,3577,20,3577,15,19.333333
1634,3577,20,3577,17,3577,20,19.000000
1635,3577,19,3577,21,3577,27,22.333333
1636,3577,17,3577,14,3577,14,15.000000
1637,3577,20,3577,14,3577,13,15.666667
1638,3577,19,3577,17,3577,19,18.333333
1639,3577,19,3577,13,3577,18,16.666667
1640,3577,19,3577,21,3577,14,18.000000
1641,3577,21,3577,14,3577,17,17.333333
1642,3577,20,3577,23,3577,29,24.000000
1643,3577,21,3577,16,3577,20,19.000000
1644,3577,20,3577,18,3577,14,17.333333
1645,3577,21,3577,19,3577,24,21.333333
1646,3577,19,3577,14,3577,13,15.333333
1647,3577,20,3577,16,3577,24,20.000000
1648,3577,23,3577,23,3577,22,22.666667
1649,3577,21,3577,18,3577,22,20.333333
1650,3577,23,3577,26,3577,21,23.333333
1651,3577,22,3577,17,3577,19,19.333333
1652,3577,21,3577,23,3577,24,22.666667
1653,3577,21,3577,22,3577,22,21.666667
1654,3577,20,3577,15,3577,13,16.000000
1655,3577,20,3577,15,3577,25,20.000000
1656,3577,23,3577,15,3577,15,17.666667
1657,3577,21,3577,18,3577,30,23.000000
1658,3577,38,3577,27,3577,31,32.000000
1659,3577,28,3577,21,3577,15,21.333333
1660,3577,22,3577,23,3577,20,21.666667
1661,3577,25,3577,27,3577,18,23.333333
1662,3577,25,3577,16,3577,17,19.333333
1663,3577,22,3577,23,3577,27,24.000000
1664,3577,22,3577,15,3577,15,17.333333
1665,3577,22,3577,15,3577,23,20.000000
1666,3577,21,3577,22,3577,21,21.333333
1667,3577,21,3577,23,3577,23,22.333333
1668,3577,21,3577,15,3577,18,18.000000
1669,3577,20,3577,15,3577,26,20.333333
1670,3577,21,3577,22,3577,24,22.333333
1671,3577,16,3577,16,3577,23,18.333333
1672,3577,21,3577,21,3577,21,21.000000
1673,3577,21,3577,14,3577,15,16.666667
1674,3577,20,3577,22,3577,15,19.000000
1675,3577,17,3577,14,3577,14,15.000000
1676,3577,28,3577,21,3577,15,21.333333
1677,3577,20,3577,20,3577,21,20.333333
1678,3577,20,3577,20,3577,23,21.000000
1679,3577,21,3577,21,3577,21,21.000000
1680,3577,20,3577,22,3577,17,19.666667
1681,3577,21,3577,15,3577,16,17.333333
1682,3577,20,3577,24,3577,21,21.666667
1683,3577,26,3577,25,3577,24,25.000000
1684,3577,26,3577,33,3577,26,28.333333
1685,3577,27,3577,36,3577,17,26.666667
1686,3577,22,3577,23,3577,17,20.666667
1687,3577,26,3577,27,3577,16,23.000000
1688,3577,14,3577,19,3577,25,19.333333
1689,3577,22,3577,22,3577,22,22.000000
1690,3577,21,3577,24,3577,26,23.666667
1691,3577,21,3577,22,3577,21,21.333333
1692,3577,21,3577,21,3577,23,21.666667
1693,3577,21,3577,15,3577,14,16.666667
1694,3577,20,3577,18,3577,20,19.333333
1695,3577,21,3577,22,3577,20,21.000000
1696,3577,21,3577,22,3577,23,22.000000
1697,3577,21,3577,22,3577,21,21.333333
1698,3577,16,3577,19,3577,25,20.000000
1699,3577,21,3577,22,3577,21,21.333333
1700,3577,21,3577,26,3577,25,24.000000
1701,3577,21,3577,21,3577,21,21.000000
1702,3577,20,3577,23,3577,26,23.000000
1703,3577,22,3577,16,3577,14,17.333333
1704,3577,14,3577,17,3577,24,18.333333
1705,3577,24,3577,16,3577,15,18.333333
1706,3577,21,3577,22,3577,21,21.333333
1707,3577,21,3577,21,3577,20,20.666667
1708,3577,21,3577,24,3577,26,23.666667
1709,3577,21,3577,22,3577,22,21.666667
1710,3577,21,3577,29,3577,21,23.666667
1711,3577,23,3577,22,3577,26,23.666667
1712,3577,24,3577,29,3577,23,25.333333
1713,3577,22,3577,15,3577,21,19.333333
1714,3577,22,3577,25,3577,23,23.333333
1715,3577,22,3577,31,3577,26,26.333333
1716,3577,27,3577,30,3577,31,29.333333
1717,3577,29,3577,25,3577,101,51.666667
1718,3577,24,3577,26,3577,25,25.000000
1719,3577,24,3577,24,3577,27,25.000000
1720,3577,24,3577,26,3577,29,26.333333
1721,3577,34,3577,23,3577,23,26.666667
1722,3577,22,3577,18,3577,26,22.000000
1723,3577,22,3577,23,3577,22,22.333333
1724,3577,23,3577,25,3577,22,23.333333
1725,3577,22,3577,22,3577,22,22.000000
1726,3577,15,3577,20,3577,24,19.666667
1727,3577,22,3577,17,3577,22,20.333333
1728,3577,21,3577,23,3577,25,23.000000
1729,3577,23,3577,17,3577,22,20.666667
1730,3577,14,3577,18,3577,20,17.333333
1731,3577,23,3577,23,3577,22,22.666667
1732,3577,21,3577,22,3577,22,21.666667
1733,3577,20,3577,24,3577,21,21.666667
1734,3577,21,3577,22,3577,21,21.333333
1735,3577,21,3577,21,3577,23,21.666667
1736,3577,23,3577,21,3577,25,23.000000
1737,3577,20,3577,16,3577,20,18.666667
1738,3579,21,3579,21,3579,22,21.333333
1739,3579,20,3579,25,3579,25,23.333333
1740,3579,18,3579,14,3579,15,15.666667
1741,3579,21,3579,28,3579,23,24.000000
1742,3579,21,3579,21,3579,22,21.333333
1743,3579,22,3579,23,3579,25,23.333333
1744,3579,21,3579,23,3579,21,21.666667
1745,3579,22,3579,21,3579,25,22.666667
1746,3579,26,3579,25,3579,24,25.000000
1747,3579,27,3579,29,3579,27,27.666667
1748,3579,23,3579,24,3579,25,24.000000
1749,3579,24,3579,25,3579,23,24.000000
1750,3579,23,3579,22,3579,23,22.666667
1751,3579,27,3579,24,3579,22,24.333333
1752,3579,22,3579,21,3579,22,21.666667
1753,3579,21,3579,25,3579,24,23.333333
1754,3579,21,3579,22,3579,21,21.333333
1755,3579,24,3579,24,3579,27,25.000000
1756,3579,22,3579,23,3579,21,22.000000
1757,3579,22,3579,19,3579,21,20.666667
1758,3579,22,3579,22,3579,22,22.000000
1759,3579,22,3579,22,3579,26,23.333333
1760,3579,21,3579,24,3579,21,22.000000
1761,3579,23,3579,21,3579,15,19.666667
1762,3579,22,3579,14,3579,15,17.000000
1763,3579,21,3579,22,3579,21,21.333333
1764,3579,21,3579,21,3579,20,20.666667
1765,3579,22,3579,17,3579,25,21.333333
1766,3579,22,3579,23,3579,23,22.666667
1767,3579,23,3579,23,3579,23,23.000000
1768,3579,23,3579,33,3579,34,30.000000
1769,3579,28,3579,15,3579,18,20.333333
1770,3579,24,3579,25,3579,24,24.333333
1771,3579,23,3579,31,3579,24,26.000000
1772,3579,15,3579,18,3579,23,18.666667
1773,3579,22,3579,31,3579,24,25.666667
1774,3579,23,3579,23,3579,23,23.000000
1775,3579,23,3579,27,3579,19,23.000000
1776,3579,22,3579,21,3579,23,22.000000
1777,3579,22,3579,24,3579,24,23.333333
1778,3579,24,3579,27,3579,25,25.333333
1779,3579,23,3579,25,3579,24,24.000000
1780,3579,25,3579,24,3579,23,24.000000
1781,3579,23,3579,17,3579,23,21.000000
1782,3579,23,3579,31,3579,30,28.000000
1783,3579,29,3579,25,3579,25,26.333333
1784,3579,27,3579,24,3579,25,25.333333
1785,3579,23,3579,23,3579,24,23.333333
1786,3579,22,3579,24,3579,24,23.333333
1787,3579,22,3579,22,3579,15,19.666667
1788,3579,22,3579,26,3579,23,23.666667
1789,3579,23,3579,22,3579,22,22.333333
1790,3579,21,3579,25,3579,29,25.000000
1791,3579,14,3579,15,3579,15,14.666667
1792,3579,22,3579,16,3579,19,19.000000
1793,3579,24,3579,23,3579,23,23.333333
1794,3579,22,3579,24,3579,23,23.000000
1795,3579,22,3579,22,3579,23,22.333333
1796,3579,22,3579,31,3579,23,25.333333
1797,3579,22,3579,22,3579,22,22.000000
1798,3579,26,3579,24,3579,15,21.666667
1799,3579,22,3579,28,3579,22,24.000000
1800,3579,22,3579,21,3579,22,21.666667
1801,3579,21,3579,29,3579,24,24.666667
1802,3579,26,3579,23,3579,25,24.666667
1803,3579,26,3579,26,3579,30,27.333333
1804,3579,24,3579,25,3579,23,24.000000
1805,3579,24,3579,16,3579,17,19.000000
1806,3579,26,3579,27,3579,27,26.666667
1807,3579,22,3579,24,3579,22,22.666667
1808,3579,21,3579,34,3579,26,27.000000
1809,3579,30,3579,35,3579,27,30.666667
1810,3579,17,3579,23,3579,26,22.000000
1811,3579,28,3579,27,3579,24,26.333333
1812,3579,24,3579,27,3579,24,25.000000
1813,3579,24,3579,24,3579,23,23.666667
1814,3579,63,3579,41,3579,33,45.666667
1815,3596,25,3596,28,3596,28,27.000000
1816,3596,25,3596,26,3596,23,24.666667
1817,3596,25,3596,34,3596,27,28.666667
1818,3596,26,3596,19,3596,25,23.333333
1819,3596,34,3596,29,3596,24,29.000000
1820,3596,24,3596,24,3596,23,23.666667
1821,3596,23,3596,27,3596,24,24.666667
1822,3596,23,3596,23,3596,23,23.000000
1823,3596,22,3596,19,3596,15,18.666667
1824,3596,17,3596,21,3596,26,21.333333
1825,3596,23,3596,23,3596,23,23.000000
1826,3596,27,3596,33,3596,32,30.666667
1827,3596,24,3596,25,3596,33,27.333333
1828,3596,30,3596,25,3596,26,27.000000
1829,3596,25,3596,25,3596,24,24.666667
1830,3596,22,3596,24,3596,24,23.333333
1831,3596,30,3596,26,3596,24,26.666667
1832,3596,22,3596,25,3596,23,23.333333
1833,3596,23,3596,24,3596,22,23.000000
1834,3596,24,3596,28,3596,23,25.000000
1835,3596,23,3596,23,3596,20,22.000000
1836,3596,28,3596,34,3596,29,30.333333
1837,3596,26,3596,27,3596,27,26.666667
1838,3596,28,3596,26,3596,26,26.666667
1839,3596,30,3596,22,3596,17,23.000000
1840,3596,24,3596,24,3596,24,24.000000
1841,3596,24,3596,24,3596,23,23.666667
1842,3596,26,3596,34,3596,17,25.666667
1843,3596,16,3596,15,3596,16,15.666667
1844,3596,24,3596,29,3596,35,29.333333
1845,3596,26,3596,25,3596,26,25.666667
1846,3596,23,3596,23,3596,24,23.333333
1847,3596,24,3596,23,3596,21,22.666667
1848,3596,23,3596,26,3596,25,24.666667
1849,3596,17,3596,22,3596,23,20.666667
1850,3596,24,3596,24,3596,26,24.666667
1851,3596,23,3596,23,3596,22,22.666667
1852,3596,22,3596,23,3596,19,21.333333
1853,3596,23,3596,23,3596,23,23.000000
1854,3596,23,3596,26,3596,20,23.000000
1855,3596,23,3596,22,3596,23,22.666667
1856,3596,23,3596,26,3596,23,24.000000
1857,3596,22,3596,23,3596,22,22.333333
1858,3596,23,3596,19,3596,23,21.666667
1859,3596,22,3596,21,3596,23,22.000000
1860,3596,23,3596,23,3596,20,22.000000
1861,3596,24,3596,25,3596,23,24.000000
1862,3596,22,3596,23,3596,22,22.333333
1863,3596,21,3596,29,3596,19,23.000000
1864,3596,22,3596,22,3596,22,22.000000
1865,3596,22,3596,28,3596,23,24.333333
1866,3596,24,3596,23,3596,27,24.666667
1867,3596,26,3596,39,3596,26,30.333333
1868,3596,24,3596,25,3596,25,24.666667
1869,3596,25,3596,23,3596,24,24.000000
1870,3596,23,3596,24,3596,17,21.333333
1871,3596,21,3596,16,3596,18,18.333333
1872,3596,24,3596,26,3596,27,25.666667
1873,3596,24,3596,24,3596,24,24.000000
1874,3596,24,3596,30,3596,22,25.333333
1875,3596,26,3596,26,3596,24,25.333333
1876,3596,23,3596,21,3596,19,21.000000
1877,3596,22,3596,30,3596,24,25.333333
1878,3596,22,3596,23,3596,23,22.666667
1879,3596,28,3596,18,3596,23,23.000000
1880,3596,23,3596,22,3596,23,22.666667
1881,3596,22,3596,24,3596,23,23.000000
1882,3596,22,3596,23,3596,22,22.333333
1883,3596,19,3596,28,3596,24,23.666667
1884,3596,22,3596,23,3596,23,22.666667
1885,3596,29,3596,25,3596,22,25.333333
1886,3596,22,3596,22,3596,23,22.333333
1887,3596,22,3596,24,3596,23,23.000000
1888,3596,22,3596,28,3596,23,24.333333
1889,3596,23,3596,22,3596,23,22.666667
1890,3596,22,3596,25,3596,26,24.333333
1891,3596,20,3596,15,3596,17,17.333333
1892,3596,22,3596,23,3596,22,22.333333
1893,3596,21,3596,22,3596,22,21.666667
1894,3596,28,3596,29,3596,26,27.666667
1895,3596,26,3596,30,3596,28,28.000000
1896,3596,28,3596,28,3596,31,29.000000
1897,3596,27,3596,28,3596,26,27.000000
1898,3596,38,3596,26,3596,27,30.333333
1899,3596,26,3596,18,3596,28,24.000000
1900,3596,29,3596,27,3596,25,27.000000
1901,3596,30,3596,19,3596,21,23.333333
1902,3596,25,3596,24,3596,25,24.666667
1903,3596,23,3596,24,3596,17,21.333333
1904,3596,24,3596,28,3596,22,24.666667
1905,3596,24,3596,25,3596,23,24.000000
1906,3596,26,3596,26,3596,24,25.333333
1907,3596,23,3596,24,3596,23,23.333333
1908,3596,26,3596,21,3596,16,21.000000
1909,3596,23,3596,24,3596,22,23.000000
1910,3596,23,3596,23,3596,22,22.666667
1911,3596,24,3596,27,3596,22,24.333333
1912,3596,24,3596,23,3596,22,23.000000
1913,3596,15,3596,25,3596,23,21.000000
1914,3596,17,3596,15,3596,15,15.666667
1915,3596,17,3596,15,3596,66,32.666667
1916,3596,30,3596,26,3596,18,24.666667
1917,3596,25,3596,18,3596,17,20.000000
1918,3596,24,3596,25,3596,24,24.333333
1919,3596,27,3596,33,3596,25,28.333333
1920,3596,23,3596,24,3596,23,23.333333
1921,3596,23,3596,22,3596,23,22.666667
1922,3596,29,3596,33,3596,22,28.000000
1923,3596,24,3596,24,3596,28,25.333333
1924,3596,30,3596,31,3596,30,30.333333
1925,3596,28,3596,26,3596,27,27.000000
1926,3596,25,3596,26,3596,32,27.666667
1927,3596,30,3596,28,3596,26,28.000000
1928,3596,26,3596,25,3596,25,25.333333
1929,3596,28,3596,25,3596,25,26.000000
1930,3596,24,3596,25,3596,24,24.333333
1931,3596,24,3596,25,3596,23,24.000000
1932,3596,24,3596,23,3596,23,23.333333
1933,3596,25,3596,22,3596,24,23.666667
1934,3596,23,3596,23,3596,22,22.666667
1935,3596,24,3596,29,3596,25,26.000000
1936,3596,23,3596,23,3596,23,23.000000
1937,3596,25,3596,27,3596,25,25.666667
1938,3596,32,3596,27,3596,24,27.666667
1939,3596,24,3596,24,3596,24,24.000000
1940,3596,24,3596,26,3596,24,24.666667
1941,3596,29,3596,26,3596,24,26.333333
1942,3596,25,3596,17,3596,16,19.333333
1943,3596,24,3596,30,3596,27,27.000000
1944,3596,24,3596,25,3596,23,24.000000
1945,3596,23,3596,16,3596,24,21.000000
1946,3596,30,3596,27,3596,30,29.000000
1947,3596,23,3596,24,3596,19,22.000000
1948,3596,26,3596,26,3596,26,26.000000
1949,3596,25,3596,24,3596,25,24.666667
1950,3596,26,3596,24,3596,19,23.000000
1951,3596,25,3596,25,3596,17,22.333333
1952,3596,27,3596,26,3596,27,26.666667
1953,3596,25,3596,24,3596,24,24.333333
1954,3596,24,3596,26,3596,25,25.000000
1955,3596,25,3596,21,3596,26,24.000000
1956,3596,22,3596,32,3596,18,24.000000
1957,3596,25,3596,21,3596,17,21.000000
1958,3596,27,3596,27,3596,26,26.666667
1959,3596,25,3596,26,3596,26,25.666667
1960,3596,26,3596,19,3596,15,20.000000
1961,3596,24,3596,24,3596,21,23.000000
1962,3596,23,3596,23,3596,22,22.666667
1963,3596,25,3596,30,3596,25,26.666667
1964,3596,24,3596,19,3596,17,20.000000
1965,3596,25,3596,36,3596,36,32.333333
1966,3596,25,3596,20,3596,28,24.333333
1967,3596,26,3596,26,3596,25,25.666667
1968,3596,20,3596,22,3596,29,23.666667
1969,3596,24,3596,16,3596,18,19.333333
1970,3596,24,3596,20,3596,28,24.000000
1971,3596,22,3596,16,3596,16,18.000000
1972,3596,23,3596,32,3596,26,27.000000
1973,3596,24,3596,24,3596,24,24.000000
1974,3596,29,3596,24,3596,24,25.666667
1975,3596,28,3596,27,3596,24,26.333333
1976,3596,23,3596,18,3596,20,20.333333
1977,3596,25,3596,28,3596,24,25.666667
1978,3596,28,3596,23,3596,26,25.666667
1979,3596,30,3596,35,3596,25,30.000000
1980,3596,32,3596,30,3596,19,27.000000
1981,3596,30,3596,24,3596,33,29.000000
1982,3596,34,3596,24,3596,26,28.000000
1983,3596,39,3596,34,3596,40,37.666667
1984,3596,45,3596,42,3596,30,39.000000
1985,3596,31,3596,32,3596,42,35.000000
1986,3596,29,3596,31,3596,32,30.666667
1987,3596,25,3596,30,3596,37,30.666667
1988,3596,33,3596,25,3596,36,31.333333
1989,3596,29,3596,34,3596,45,36.000000
1990,3596,36,3596,33,3596,42,37.000000
1991,3596,34,3596,34,3596,39,35.666667
1992,3596,31,3596,31,3596,43,35.000000
1993,3596,31,3596,32,3596,43,35.333333
1994,3596,33,3596,37,3596,40,36.666667
1995,3596,26,3596,31,3596,30,29.000000
1996,3596,35,3596,33,3596,35,34.333333
1997,3596,31,3596,33,3596,30,31.333333
1998,3596,26,3596,30,3596,42,32.666667
1999,3596,40,3596,32,3596,36,36.000000
2000,3596,35,3596,41,3596,38,38.000000
2001,3596,36,3596,45,3596,37,39.333333
2002,3596,39,3596,36,3596,39,38.000000
2003,3596,32,3596,34,3596,38,34.666667
2004,3596,29,3596,28,3596,130,62.333333
2005,3596,33,3596,38,3596,33,34.666667
2006,3596,34,3596,54,3596,47,45.000000
2007,3596,48,3596,44,3596,38,43.333333
2008,3596,34,3596,43,3596,42,39.666667
2009,3596,32,3596,37,3596,40,36.333333
2010,3596,32,3596,30,3596,36,32.666667
2011,3596,40,3596,41,3596,43,41.333333
2012,3596,29,3596,46,3596,33,36.000000
2013,3596,34,3596,42,3596,45,40.333333
2014,3596,31,3596,31,3596,41,34.333333
2015,3596,31,3596,36,3596,41,36.000000
2016,3596,29,3596,42,3596,34,35.000000
2017,3596,25,3596,25,3596,34,28.000000
2018,3596,35,3596,30,3596,44,36.333333
2019,3596,47,3596,45,3596,53,48.333333
2020,3596,32,3596,25,3596,25,27.333333
2021,3596,29,3596,24,3596,35,29.333333
2022,3596,37,3596,27,3596,24,29.333333
2023,3596,32,3596,27,3596,41,33.333333
2024,3596,43,3596,33,3596,42,39.333333
2025,3596,33,3596,45,3596,42,40.000000
2026,3596,26,3596,53,3596,43,40.666667
2027,3596,30,3596,28,3596,36,31.333333
2028,3596,36,3596,47,3596,48,43.666667
2029,3657,35,3657,37,3657,28,33.333333
2030,3657,28,3657,44,3657,34,35.333333
2031,3657,28,3657,29,3657,25,27.333333
2032,3657,37,3657,43,3657,27,35.666667
2033,3657,34,3657,39,3657,40,37.666667
2034,3657,29,3657,28,3657,36,31.000000
2035,3657,39,3657,38,3657,26,34.333333
2036,3657,26,3657,37,3657,37,33.333333
2037,3657,34,3657,27,3657,23,28.000000
2038,3657,31,3657,30,3657,41,34.000000
2039,3657,34,3657,28,3657,27,29.666667
2040,3657,28,3657,28,3657,31,29.000000
2041,3657,40,3657,44,3657,25,36.333333
2042,3657,36,3657,47,3657,39,40.666667
2043,3657,44,3657,47,3657,30,40.333333
2044,3657,29,3657,35,3657,34,32.666667
2045,3657,33,3657,45,3657,42,40.000000
2046,3657,42,3657,43,3657,33,39.333333
2047,3657,30,3657,40,3657,39,36.333333
2048,3657,28,3657,48,3657,40,38.666667
2049,3657,30,3657,28,3657,38,32.000000
2050,3657,32,3657,26,3657,37,31.666667
2051,3657,30,3657,25,3657,28,27.666667
2052,3657,29,3657,24,3657,33,28.666667
2053,3657,35,3657,38,3657,45,39.333333
2054,3657,34,3657,37,3657,28,33.000000
2055,3657,27,3657,28,3657,34,29.666667
2056,3657,28,3657,24,3657,25,25.666667
2057,3657,42,3657,31,3657,32,35.000000
2058,3657,38,3657,38,3657,29,35.000000
2059,3657,40,3657,38,3657,35,37.666667
2060,3657,29,3657,27,3657,39,31.666667
2061,3657,38,3657,43,3657,35,38.666667
2062,3657,36,3657,40,3657,28,34.666667
2063,3657,34,3657,36,3657,44,38.000000
2064,3657,41,3657,35,3657,27,34.333333
2065,3657,32,3657,39,3657,36,35.666667
2066,3657,31,3657,36,3657,41,36.000000
2067,3657,34,3657,51,3657,31,38.666667
2068,3657,30,3657,29,3657,46,35.000000
2069,3657,41,3657,33,3657,32,35.333333
2070,3657,29,3657,44,3657,30,34.333333
2071,3657,27,3657,25,3657,37,29.666667
2072,3657,45,3657,32,3657,47,41.333333
2073,3657,67,3657,39,3657,28,44.666667
2074,3657,32,3657,35,3657,25,30.666667
2075,3657,33,3657,32,3657,45,36.666667
2076,3657,31,3657,48,3657,33,37.333333
2077,3657,31,3657,46,3657,45,40.666667
2078,3657,39,3657,45,3657,27,37.000000
2079,3657,28,3657,37,3657,33,32.666667
2080,3657,31,3657,31,3657,47,36.333333
2081,3657,31,3657,26,3657,29,28.666667
2082,3657,25,3657,25,3657,35,28.333333
2083,3657,33,3657,32,3657,26,30.333333
2084,3682,34,3682,28,3682,35,32.333333
2085,3682,39,3682,35,3682,32,35.333333
2086,3682,29,3682,35,3682,31,31.666667
2087,3682,34,3682,48,3682,49,43.666667
2088,3682,34,3682,43,3682,39,38.666667
2089,3682,31,3682,45,3682,37,37.666667
2090,3682,28,3682,27,3682,43,32.666667
2091,3682,27,3682,49,3682,40,38.666667
2092,3682,26,3682,36,3682,34,32.000000
2093,3682,30,3682,25,3682,40,31.666667
2094,3726,29,3726,24,3726,34,29.000000
2095,3726,27,3726,26,3726,47,33.333333
2096,3726,36,3726,25,3726,29,30.000000
2097,3726,28,3726,39,3726,38,35.000000
2098,3726,40,3726,34,3726,36,36.666667
2099,3726,35,3726,44,3726,32,37.000000
2100,3726,29,3726,30,3726,30,29.666667
2101,3726,39,3726,36,3726,30,35.000000
2102,3726,43,3726,33,3726,26,34.000000
2103,3726,30,3726,33,3726,39,34.000000
2104,3726,30,3726,39,3726,36,35.000000
2105,3726,29,3726,28,3726,41,32.666667
2106,3726,35,3726,36,3726,39,36.666667
2107,3726,31,3726,27,3726,30,29.333333
2108,3726,31,3726,37,3726,52,40.000000
2109,3726,38,3726,48,3726,33,39.666667
2110,3726,38,3726,30,3726,29,32.333333
2111,3726,39,3726,38,3726,34,37.000000
2112,3726,26,3726,31,3726,32,29.666667
2113,3726,32,3726,27,3726,39,32.666667
2114,3726,38,3726,35,3726,39,37.333333
2115,3726,36,3726,36,3726,39,37.000000
2116,3726,28,3726,28,3726,53,36.333333
2117,3726,27,3726,41,3726,36,34.666667
2118,3726,30,3726,37,3726,39,35.333333
2119,3726,37,3726,32,3726,33,34.000000
2120,3726,30,3726,26,3726,40,32.000000
2121,3726,27,3726,33,3726,56,38.666667
2122,3726,27,3726,25,3726,28,26.666667
2123,3726,35,3726,36,3726,42,37.666667
2124,3726,30,3726,38,3726,32,33.333333
2125,3726,27,3726,26,3726,33,28.666667
2126,3726,37,3726,40,3726,41,39.333333
2127,3726,27,3726,32,3726,44,34.333333
2128,3726,31,3726,28,3726,48,35.666667
2129,3726,33,3726,46,3726,51,43.333333
2130,3726,49,3726,51,3726,49,49.666667
2131,3726,35,3726,31,3726,27,31.000000
2132,3726,31,3726,49,3726,49,43.000000
2133,3726,39,3726,46,3726,44,43.000000
2134,3726,40,3726,36,3726,31,35.666667
2135,3726,37,3726,52,3726,29,39.333333
2136,3726,37,3726,45,3726,34,38.666667
2137,3726,29,3726,25,3726,26,26.666667
2138,3726,97,3726,57,3726,36,63.333333
2139,3726,29,3726,26,3726,27,27.333333
2140,3726,40,3726,40,3726,50,43.333333
2141,3726,35,3726,25,3726,26,28.666667
2142,3726,40,3726,31,3726,58,43.000000
2143,3726,43,3726,35,3726,43,40.333333
2144,3726,36,3726,50,3726,34,40.000000
2145,3726,35,3726,45,3726,52,44.000000
2146,3726,50,3726,38,3726,28,38.666667
2147,3726,49,3726,38,3726,40,42.333333
2148,3726,42,3726,34,3726,41,39.000000
2149,3726,44,3726,58,3726,37,46.333333
2150,3726,51,3726,44,3726,42,45.666667
2151,3726,44,3726,39,3726,28,37.000000
2152,3726,36,3726,46,3726,41,41.000000
2153,3726,40,3726,63,3726,44,49.000000
2154,3726,34,3726,36,3726,33,34.333333
2155,3726,50,3726,48,3726,38,45.333333
2156,3726,34,3726,32,3726,34,33.333333
2157,3726,32,3726,51,3726,37,40.000000
2158,3726,43,3726,45,3726,35,41.000000
2159,3726,42,3726,47,3726,35,41.333333
2160,3726,31,3726,25,3726,33,29.666667
2161,3726,43,3726,50,3726,44,45.666667
2162,3726,41,3726,27,3726,41,36.333333
2163,3726,29,3726,28,3726,49,35.333333
2164,3726,32,3726,30,3726,38,33.333333
2165,3726,33,3726,29,3726,37,33.000000
2166,3726,32,3726,39,3726,63,44.666667
2167,3726,46,3726,46,3726,47,46.333333
2168,3726,37,3726,42,3726,29,36.000000
2169,3726,27,3726,32,3726,48,35.666667
2170,3726,36,3726,40,3726,34,36.666667
2171,3726,33,3726,32,3726,45,36.666667
2172,3726,30,3726,27,3726,34,30.333333
2173,3726,32,3726,39,3726,45,38.666667
2174,3726,28,3726,31,3726,56,38.333333
2175,3726,32,3726,35,3726,43,36.666667
2176,3726,36,3726,35,3726,31,34.000000
2177,3726,28,3726,25,3726,42,31.666667
2178,3726,34,3726,28,3726,46,36.000000
2179,3726,34,3726,32,3726,37,34.333333
2180,3726,28,3726,31,3726,31,30.000000
2181,3726,42,3726,40,3726,39,40.333333
2182,3726,30,3726,26,3726,25,27.000000
2183,3726,24,3726,24,3726,41,29.666667
2184,3726,46,3726,40,3726,39,41.666667
2185,3726,37,3726,29,3726,33,33.000000
2186,3726,34,3726,44,3726,65,47.666667
2187,3726,44,3726,50,3726,47,47.000000
2188,3726,51,3726,43,3726,40,44.666667
2189,3726,30,3726,37,3726,32,33.000000
2190,3726,30,3726,36,3726,42,36.000000
2191,3726,42,3726,54,3726,65,53.666667
2192,3726,30,3726,26,3726,27,27.666667
2193,3726,32,3726,29,3726,47,36.000000
2194,3726,39,3726,44,3726,39,40.666667
2195,3726,41,3726,35,3726,43,39.666667
2196,3726,32,3726,40,3726,45,39.000000
2197,3726,36,3726,36,3726,26,32.666667
2198,3726,31,3726,25,3726,51,35.666667
2199,3726,55,3726,58,3726,42,51.666667
2200,3726,40,3726,46,3726,47,44.333333
2201,3726,31,3726,45,3726,40,38.666667
2202,3726,31,3726,49,3726,41,40.333333
2203,3726,34,3726,36,3726,49,39.666667
2204,3726,35,3726,43,3726,39,39.000000
2205,3726,33,3726,62,3726,47,47.333333
2206,3726,47,3726,55,3726,42,48.000000
2207,3726,48,3726,45,3726,32,41.666667
2208,3726,37,3726,56,3726,41,44.666667
2209,3726,52,3726,44,3726,35,43.666667
2210,3726,33,3726,38,3726,36,35.666667
2211,3726,29,3726,45,3726,29,34.333333
2212,3726,41,3726,37,3726,52,43.333333
2213,3726,50,3726,42,3726,38,43.333333
2214,3726,40,3726,55,3726,35,43.333333
2215,3726,44,3726,50,3726,41,45.000000
2216,3726,39,3726,43,3726,41,41.000000
2217,3726,35,3726,46,3726,38,39.666667
2218,3726,39,3726,95,3726,60,64.666667
2219,3726,33,3726,43,3726,32,36.000000
2220,3726,32,3726,52,3726,44,42.666667
2221,3726,49,3726,59,3726,43,50.333333
2222,3726,46,3726,52,3726,56,51.333333
2223,3726,63,3726,80,3726,47,63.333333
2224,3726,40,3726,61,3726,54,51.666667
2225,3726,53,3726,53,3726,45,50.333333
2226,3726,46,3726,65,3726,45,52.000000
2227,3726,47,3726,44,3726,34,41.666667
2228,3726,38,3726,40,3726,47,41.666667
2229,3726,31,3726,46,3726,30,35.666667
2230,3726,38,3726,52,3726,29,39.666667
2231,3726,33,3726,42,3726,46,40.333333
2232,3726,41,3726,47,3726,30,39.333333
2233,3726,41,3726,56,3726,42,46.333333
2234,3726,33,3726,48,3726,53,44.666667
2235,3726,67,3726,69,3726,51,62.333333
2236,3726,58,3726,79,3726,67,68.000000
2237,3726,54,3726,49,3726,48,50.333333
2238,3726,51,3726,65,3726,54,56.666667
2239,3726,46,3726,54,3726,49,49.666667
2240,3726,45,3726,49,3726,33,42.333333
2241,3726,44,3726,61,3726,52,52.333333
2242,3726,35,3726,48,3726,32,38.333333
2243,3726,43,3726,54,3726,70,55.666667
2244,3726,57,3726,61,3726,63,60.333333
2245,3726,40,3726,40,3726,35,38.333333
2246,3726,43,3726,53,3726,41,45.666667
2247,3726,36,3726,55,3726,50,47.000000
2248,3726,48,3726,49,3726,40,45.666667
2249,3726,35,3726,32,3726,29,32.000000
2250,3726,51,3726,54,3726,44,49.666667
2251,3726,44,3726,37,3726,41,40.666667
2252,3726,52,3726,51,3726,56,53.000000
2253,3726,37,3726,41,3726,37,38.333333
2254,3726,49,3726,42,3726,46,45.666667
2255,3726,30,3726,40,3726,62,44.000000
2256,3726,36,3726,39,3726,28,34.333333
2257,3726,32,3726,35,3726,43,36.666667
2258,3726,57,3726,70,3726,110,79.000000
2259,3726,55,3726,48,3726,39,47.333333
2260,3726,55,3726,71,3726,60,62.000000
2261,3726,69,3726,59,3726,64,64.000000
2262,3726,76,3726,94,3726,67,79.000000
2263,3726,52,3726,57,3726,57,55.333333
2264,3726,56,3726,53,3726,36,48.333333
2265,3726,34,3726,42,3726,49,41.666667
2266,3726,66,3726,51,3726,46,54.333333
2267,3726,52,3726,38,3726,31,40.333333
2268,3726,45,3726,70,3726,51,55.333333
2269,3726,45,3726,32,3726,35,37.333333
2270,3726,42,3726,49,3726,52,47.666667
2271,3726,45,3726,46,3726,45,45.333333
2272,3726,57,3726,63,3726,39,53.000000
2273,3726,43,3726,42,3726,42,42.333333
2274,3726,44,3726,76,3726,41,53.666667
2275,3726,61,3726,34,3726,30,41.666667
2276,3726,53,3726,61,3726,33,49.000000
2277,3726,47,3726,62,3726,34,47.666667
2278,3726,44,3726,51,3726,40,45.000000
2279,3726,51,3726,42,3726,40,44.333333
2280,3726,49,3726,48,3726,58,51.666667
2281,3726,75,3726,83,3726,79,79.000000
2282,3726,68,3726,48,3726,36,50.666667
2283,3726,53,3726,65,3726,46,54.666667
2284,3726,42,3726,45,3726,43,43.333333
2285,3726,33,3726,31,3726,61,41.666667
2286,3726,47,3726,43,3726,46,45.333333
2287,3726,47,3726,54,3726,48,49.666667
2288,3726,47,3726,26,3726,28,33.666667
2289,3726,31,3726,46,3726,34,37.000000
2290,3726,40,3726,40,3726,61,47.000000
2291,3726,41,3726,31,3726,60,44.000000
